Workbook

Sheet 00_Dashboard & Tổng Quan
B2: 4TMUSIC — DASHBOARD & TỔNG QUAN DỰ ÁN
B3: ="Tự động cập nhật từ sheet 01 & 03 & 04 • Hôm nay: "&TEXT(TODAY(),"dd/mm/yyyy")&" • Tuần hiện tại: "&CFG_CurWeek&" / "&CFG_Weeks -> Tự động cập nhật từ sheet 01 & 03 & 04 • Hôm nay: 12/10/2026 • Tuần hiện tại: 1 / 34
B5: THÔNG TIN DỰ ÁN
B6: Tên dự án | C6: 4TMusic — Nền tảng nghe nhạc trực tuyến, nghe offline
B7: Loại hình | C7: Nền tảng âm nhạc · Web App (React/Vite + Node/Express + MySQL) · PWA nghe offline · Mobile App Flutter (sau Release)
B8: Quy mô nhân sự | C8: 1 người: Nhật đảm nhận FE, BE, Database, UI/UX, QA, DevOps. Có sẵn 3 vị trí UI/UX, QA, Mobile/DevOps trong sheet 05 nếu mở rộng nhóm.
B9: Thời gian phát triển | C9: =CFG_Weeks&" tuần (≈ 8 tháng, 2–3 giờ/ngày): Tuần 1 = "&TEXT(CFG_Start,"dd/mm/yyyy")&" → kết thúc "&TEXT(CFG_Start+CFG_Weeks*7-1,"dd/mm/yyyy")&" • 10 giai đoạn GĐ0–GĐ9" -> 34 tuần (≈ 8 tháng, 2–3 giờ/ngày): Tuần 1 = 12/10/2026 → kết thúc 06/06/2027 • 10 giai đoạn GĐ0–GĐ9
B10: Milestone | C10: =INDEX(MS_Names,1)&": tuần "&INDEX(MS_Weeks,1)&" • "&INDEX(MS_Names,2)&": tuần "&INDEX(MS_Weeks,2)&" • "&INDEX(MS_Names,3)&": tuần "&INDEX(MS_Weeks,3) -> Release Alpha: tuần 21 • Release Beta: tuần 27 • Release Production: tuần 34
B11: Nguồn nhạc | C11: Nhạc Creative Commons (Jamendo API, Free Music Archive) + nghệ sĩ tự upload có cam kết bản quyền; chỉ cho tải offline bài có license cho phép
B12: Công nghệ | C12: React, Tailwind, Zustand, TanStack Query · Node.js/Express, Prisma, MySQL, Redis · Cloudflare R2, FFmpeg · PWA (Workbox) · Docker, Vercel/Render, GitHub Actions
B14: CHỈ SỐ CHÍNH (KPI)
B15: TIẾN ĐỘ TASK | C15: % TIẾN ĐỘ TỔNG | D15: TỔNG TASK | E15: HOÀN THÀNH | F15: ĐANG LÀM | G15: TRỄ HẠN | H15: BLOCKED | I15: CÒN LẠI
C16: =IFERROR(SUM(W_DoneDays)/SUM(W_Days),0) -> 0.0029411765 | D16: =COUNTIF(W_Task,"?*") -> 76 | E16: =COUNTIF(W_Status,"Done") -> 0 | F16: =COUNTIF(W_Status,"In Progress") -> 1 | G16: =COUNTIF(W_Alert,"⚠ Trễ hạn") -> 0 | H16: =COUNTIF(W_Status,"Blocked") -> 0 | I16: =COUNTIF(W_Status,"To Do") -> 75
C17: theo ngày công | D17: trong WBS | E17: Done | F17: In Progress | G17: quá Tuần KT | H17: đang bị chặn | I17: To Do
B19: API · UX · THỜI GIAN | C19: API DEV XONG | D19: % API XONG | E19: API TEST PASS | F19: API TEST FAIL | G19: UX ĐÃ XỬ LÝ | H19: TUẦN HIỆN TẠI | I19: ĐẾN PRODUCTION
C20: =COUNTIF(A_Dev,"Done")&" / "&COUNTIF(A_Endpoint,"?*") -> 0 / 83 | D20: =IFERROR(COUNTIF(A_Dev,"Done")/COUNTIF(A_Endpoint,"?*"),0) -> 0 | E20: =COUNTIF(A_Test,"Pass") -> 0 | F20: =COUNTIF(A_Test,"Fail") -> 0 | G20: =COUNTIF(U_Done,TRUE())&" / "&COUNTIF(U_Item,"?*") -> 0 / 22 | H20: =CFG_CurWeek&" / "&CFG_Weeks -> 1 / 34 | I20: =MAX(0,CFG_Start+INDEX(MS_Weeks,3)*7-1-TODAY()) -> 237
C21: endpoint | D21: Dev Done | E21: đã kiểm thử đạt | F21: cần sửa | G21: backlog sheet 04 | H21: của dự án | I21: ngày còn lại
B23: TIẾN ĐỘ THEO GIAI ĐOẠN (PHASE)
B24: Giai đoạn | C24: Tuần | D24: Số task | E24: Done | F24: In Progress | G24: Trễ hạn | H24: % hoàn thành | I24: Milestone
B25: ='05_Settings & Reference'!D11 -> GĐ0: Khởi động & nền tảng | C25: ='05_Settings & Reference'!E11&"–"&'05_Settings & Reference'!F11 -> 1–2 | D25: =COUNTIF(W_Phase,$B25) -> 6 | E25: =COUNTIFS(W_Phase,$B25,W_Status,"Done") -> 0 | F25: =COUNTIFS(W_Phase,$B25,W_Status,"In Progress") -> 1 | G25: =COUNTIFS(W_Phase,$B25,W_Alert,"⚠ Trễ hạn") -> 0 | H25: =IFERROR(SUMIFS(W_DoneDays,W_Phase,$B25)/SUMIFS(W_Days,W_Phase,$B25),0) -> 0.042857143 | I25: =IFERROR(INDEX(MS_Names,MATCH('05_Settings & Reference'!F11,MS_Weeks,0)),"")
B26: ='05_Settings & Reference'!D12 -> GĐ1: Giao diện tĩnh (HTML/CSS) | C26: ='05_Settings & Reference'!E12&"–"&'05_Settings & Reference'!F12 -> 3–5 | D26: =COUNTIF(W_Phase,$B26) -> 7 | E26: =COUNTIFS(W_Phase,$B26,W_Status,"Done") -> 0 | F26: =COUNTIFS(W_Phase,$B26,W_Status,"In Progress") -> 0 | G26: =COUNTIFS(W_Phase,$B26,W_Alert,"⚠ Trễ hạn") -> 0 | H26: =IFERROR(SUMIFS(W_DoneDays,W_Phase,$B26)/SUMIFS(W_Days,W_Phase,$B26),0) -> 0 | I26: =IFERROR(INDEX(MS_Names,MATCH('05_Settings & Reference'!F12,MS_Weeks,0)),"")
B27: ='05_Settings & Reference'!D13 -> GĐ2: Trình phát nhạc (JavaScript) | C27: ='05_Settings & Reference'!E13&"–"&'05_Settings & Reference'!F13 -> 6–9 | D27: =COUNTIF(W_Phase,$B27) -> 7 | E27: =COUNTIFS(W_Phase,$B27,W_Status,"Done") -> 0 | F27: =COUNTIFS(W_Phase,$B27,W_Status,"In Progress") -> 0 | G27: =COUNTIFS(W_Phase,$B27,W_Alert,"⚠ Trễ hạn") -> 0 | H27: =IFERROR(SUMIFS(W_DoneDays,W_Phase,$B27)/SUMIFS(W_Days,W_Phase,$B27),0) -> 0 | I27: =IFERROR(INDEX(MS_Names,MATCH('05_Settings & Reference'!F13,MS_Weeks,0)),"")
B28: ='05_Settings & Reference'!D14 -> GĐ3: Frontend React | C28: ='05_Settings & Reference'!E14&"–"&'05_Settings & Reference'!F14 -> 10–13 | D28: =COUNTIF(W_Phase,$B28) -> 7 | E28: =COUNTIFS(W_Phase,$B28,W_Status,"Done") -> 0 | F28: =COUNTIFS(W_Phase,$B28,W_Status,"In Progress") -> 0 | G28: =COUNTIFS(W_Phase,$B28,W_Alert,"⚠ Trễ hạn") -> 0 | H28: =IFERROR(SUMIFS(W_DoneDays,W_Phase,$B28)/SUMIFS(W_Days,W_Phase,$B28),0) -> 0 | I28: =IFERROR(INDEX(MS_Names,MATCH('05_Settings & Reference'!F14,MS_Weeks,0)),"")
B29: ='05_Settings & Reference'!D15 -> GĐ4: Backend & Streaming API | C29: ='05_Settings & Reference'!E15&"–"&'05_Settings & Reference'!F15 -> 14–17 | D29: =COUNTIF(W_Phase,$B29) -> 7 | E29: =COUNTIFS(W_Phase,$B29,W_Status,"Done") -> 0 | F29: =COUNTIFS(W_Phase,$B29,W_Status,"In Progress") -> 0 | G29: =COUNTIFS(W_Phase,$B29,W_Alert,"⚠ Trễ hạn") -> 0 | H29: =IFERROR(SUMIFS(W_DoneDays,W_Phase,$B29)/SUMIFS(W_Days,W_Phase,$B29),0) -> 0 | I29: =IFERROR(INDEX(MS_Names,MATCH('05_Settings & Reference'!F15,MS_Weeks,0)),"")
B30: ='05_Settings & Reference'!D16 -> GĐ5: Database & dữ liệu nhạc | C30: ='05_Settings & Reference'!E16&"–"&'05_Settings & Reference'!F16 -> 18–21 | D30: =COUNTIF(W_Phase,$B30) -> 8 | E30: =COUNTIFS(W_Phase,$B30,W_Status,"Done") -> 0 | F30: =COUNTIFS(W_Phase,$B30,W_Status,"In Progress") -> 0 | G30: =COUNTIFS(W_Phase,$B30,W_Alert,"⚠ Trễ hạn") -> 0 | H30: =IFERROR(SUMIFS(W_DoneDays,W_Phase,$B30)/SUMIFS(W_Days,W_Phase,$B30),0) -> 0 | I30: =IFERROR(INDEX(MS_Names,MATCH('05_Settings & Reference'!F16,MS_Weeks,0)),"") -> Release Alpha
B31: ='05_Settings & Reference'!D17 -> GĐ6: Tài khoản & thư viện cá nhân | C31: ='05_Settings & Reference'!E17&"–"&'05_Settings & Reference'!F17 -> 22–24 | D31: =COUNTIF(W_Phase,$B31) -> 9 | E31: =COUNTIFS(W_Phase,$B31,W_Status,"Done") -> 0 | F31: =COUNTIFS(W_Phase,$B31,W_Status,"In Progress") -> 0 | G31: =COUNTIFS(W_Phase,$B31,W_Alert,"⚠ Trễ hạn") -> 0 | H31: =IFERROR(SUMIFS(W_DoneDays,W_Phase,$B31)/SUMIFS(W_Days,W_Phase,$B31),0) -> 0 | I31: =IFERROR(INDEX(MS_Names,MATCH('05_Settings & Reference'!F17,MS_Weeks,0)),"")
B32: ='05_Settings & Reference'!D18 -> GĐ7: Cloud, Admin & Artist Panel | C32: ='05_Settings & Reference'!E18&"–"&'05_Settings & Reference'!F18 -> 25–27 | D32: =COUNTIF(W_Phase,$B32) -> 7 | E32: =COUNTIFS(W_Phase,$B32,W_Status,"Done") -> 0 | F32: =COUNTIFS(W_Phase,$B32,W_Status,"In Progress") -> 0 | G32: =COUNTIFS(W_Phase,$B32,W_Alert,"⚠ Trễ hạn") -> 0 | H32: =IFERROR(SUMIFS(W_DoneDays,W_Phase,$B32)/SUMIFS(W_Days,W_Phase,$B32),0) -> 0 | I32: =IFERROR(INDEX(MS_Names,MATCH('05_Settings & Reference'!F18,MS_Weeks,0)),"") -> Release Beta
B33: ='05_Settings & Reference'!D19 -> GĐ8: Offline PWA & lời bài hát | C33: ='05_Settings & Reference'!E19&"–"&'05_Settings & Reference'!F19 -> 28–30 | D33: =COUNTIF(W_Phase,$B33) -> 8 | E33: =COUNTIFS(W_Phase,$B33,W_Status,"Done") -> 0 | F33: =COUNTIFS(W_Phase,$B33,W_Status,"In Progress") -> 0 | G33: =COUNTIFS(W_Phase,$B33,W_Alert,"⚠ Trễ hạn") -> 0 | H33: =IFERROR(SUMIFS(W_DoneDays,W_Phase,$B33)/SUMIFS(W_Days,W_Phase,$B33),0) -> 0 | I33: =IFERROR(INDEX(MS_Names,MATCH('05_Settings & Reference'!F19,MS_Weeks,0)),"")
B34: ='05_Settings & Reference'!D20 -> GĐ9: Bảo mật, triển khai & Release | C34: ='05_Settings & Reference'!E20&"–"&'05_Settings & Reference'!F20 -> 31–34 | D34: =COUNTIF(W_Phase,$B34) -> 10 | E34: =COUNTIFS(W_Phase,$B34,W_Status,"Done") -> 0 | F34: =COUNTIFS(W_Phase,$B34,W_Status,"In Progress") -> 0 | G34: =COUNTIFS(W_Phase,$B34,W_Alert,"⚠ Trễ hạn") -> 0 | H34: =IFERROR(SUMIFS(W_DoneDays,W_Phase,$B34)/SUMIFS(W_Days,W_Phase,$B34),0) -> 0 | I34: =IFERROR(INDEX(MS_Names,MATCH('05_Settings & Reference'!F20,MS_Weeks,0)),"") -> Release Production
B35: TỔNG | D35: =SUM(D25:D34) -> 76 | E35: =SUM(E25:E34) -> 0 | F35: =SUM(F25:F34) -> 1 | G35: =SUM(G25:G34) -> 0 | H35: =IFERROR(SUM(W_DoneDays)/SUM(W_Days),0) -> 0.0029411765
B37: TIẾN ĐỘ THEO MODULE (EPIC)
B38: Module | C38: Số task | D38: Done | E38: In Progress | F38: To Do | G38: Blocked | H38: Trễ hạn | I38: % hoàn thành
B39: ='05_Settings & Reference'!I11 -> Nền tảng & Hạ tầng | C39: =COUNTIF(W_Module,$B39) -> 12 | D39: =COUNTIFS(W_Module,$B39,W_Status,"Done") -> 0 | E39: =COUNTIFS(W_Module,$B39,W_Status,"In Progress") -> 1 | F39: =COUNTIFS(W_Module,$B39,W_Status,"To Do") -> 11 | G39: =COUNTIFS(W_Module,$B39,W_Status,"Blocked") -> 0 | H39: =COUNTIFS(W_Module,$B39,W_Alert,"⚠ Trễ hạn") -> 0 | I39: =IFERROR(SUMIFS(W_DoneDays,W_Module,$B39)/SUMIFS(W_Days,W_Module,$B39),0) -> 0.01875
B40: ='05_Settings & Reference'!I12 -> Giao diện chung (Layout/Theme) | C40: =COUNTIF(W_Module,$B40) -> 9 | D40: =COUNTIFS(W_Module,$B40,W_Status,"Done") -> 0 | E40: =COUNTIFS(W_Module,$B40,W_Status,"In Progress") -> 0 | F40: =COUNTIFS(W_Module,$B40,W_Status,"To Do") -> 9 | G40: =COUNTIFS(W_Module,$B40,W_Status,"Blocked") -> 0 | H40: =COUNTIFS(W_Module,$B40,W_Alert,"⚠ Trễ hạn") -> 0 | I40: =IFERROR(SUMIFS(W_DoneDays,W_Module,$B40)/SUMIFS(W_Days,W_Module,$B40),0) -> 0
B41: ='05_Settings & Reference'!I13 -> Phát nhạc & Player | C41: =COUNTIF(W_Module,$B41) -> 11 | D41: =COUNTIFS(W_Module,$B41,W_Status,"Done") -> 0 | E41: =COUNTIFS(W_Module,$B41,W_Status,"In Progress") -> 0 | F41: =COUNTIFS(W_Module,$B41,W_Status,"To Do") -> 11 | G41: =COUNTIFS(W_Module,$B41,W_Status,"Blocked") -> 0 | H41: =COUNTIFS(W_Module,$B41,W_Alert,"⚠ Trễ hạn") -> 0 | I41: =IFERROR(SUMIFS(W_DoneDays,W_Module,$B41)/SUMIFS(W_Days,W_Module,$B41),0) -> 0
B42: ='05_Settings & Reference'!I14 -> Tìm kiếm & Khám phá | C42: =COUNTIF(W_Module,$B42) -> 7 | D42: =COUNTIFS(W_Module,$B42,W_Status,"Done") -> 0 | E42: =COUNTIFS(W_Module,$B42,W_Status,"In Progress") -> 0 | F42: =COUNTIFS(W_Module,$B42,W_Status,"To Do") -> 7 | G42: =COUNTIFS(W_Module,$B42,W_Status,"Blocked") -> 0 | H42: =COUNTIFS(W_Module,$B42,W_Alert,"⚠ Trễ hạn") -> 0 | I42: =IFERROR(SUMIFS(W_DoneDays,W_Module,$B42)/SUMIFS(W_Days,W_Module,$B42),0) -> 0
B43: ='05_Settings & Reference'!I15 -> Streaming & Lưu trữ | C43: =COUNTIF(W_Module,$B43) -> 7 | D43: =COUNTIFS(W_Module,$B43,W_Status,"Done") -> 0 | E43: =COUNTIFS(W_Module,$B43,W_Status,"In Progress") -> 0 | F43: =COUNTIFS(W_Module,$B43,W_Status,"To Do") -> 7 | G43: =COUNTIFS(W_Module,$B43,W_Status,"Blocked") -> 0 | H43: =COUNTIFS(W_Module,$B43,W_Alert,"⚠ Trễ hạn") -> 0 | I43: =IFERROR(SUMIFS(W_DoneDays,W_Module,$B43)/SUMIFS(W_Days,W_Module,$B43),0) -> 0
B44: ='05_Settings & Reference'!I16 -> Xác thực & Người dùng | C44: =COUNTIF(W_Module,$B44) -> 5 | D44: =COUNTIFS(W_Module,$B44,W_Status,"Done") -> 0 | E44: =COUNTIFS(W_Module,$B44,W_Status,"In Progress") -> 0 | F44: =COUNTIFS(W_Module,$B44,W_Status,"To Do") -> 5 | G44: =COUNTIFS(W_Module,$B44,W_Status,"Blocked") -> 0 | H44: =COUNTIFS(W_Module,$B44,W_Alert,"⚠ Trễ hạn") -> 0 | I44: =IFERROR(SUMIFS(W_DoneDays,W_Module,$B44)/SUMIFS(W_Days,W_Module,$B44),0) -> 0
B45: ='05_Settings & Reference'!I17 -> Playlist | C45: =COUNTIF(W_Module,$B45) -> 2 | D45: =COUNTIFS(W_Module,$B45,W_Status,"Done") -> 0 | E45: =COUNTIFS(W_Module,$B45,W_Status,"In Progress") -> 0 | F45: =COUNTIFS(W_Module,$B45,W_Status,"To Do") -> 2 | G45: =COUNTIFS(W_Module,$B45,W_Status,"Blocked") -> 0 | H45: =COUNTIFS(W_Module,$B45,W_Alert,"⚠ Trễ hạn") -> 0 | I45: =IFERROR(SUMIFS(W_DoneDays,W_Module,$B45)/SUMIFS(W_Days,W_Module,$B45),0) -> 0
B46: ='05_Settings & Reference'!I18 -> Thư viện cá nhân | C46: =COUNTIF(W_Module,$B46) -> 2 | D46: =COUNTIFS(W_Module,$B46,W_Status,"Done") -> 0 | E46: =COUNTIFS(W_Module,$B46,W_Status,"In Progress") -> 0 | F46: =COUNTIFS(W_Module,$B46,W_Status,"To Do") -> 2 | G46: =COUNTIFS(W_Module,$B46,W_Status,"Blocked") -> 0 | H46: =COUNTIFS(W_Module,$B46,W_Alert,"⚠ Trễ hạn") -> 0 | I46: =IFERROR(SUMIFS(W_DoneDays,W_Module,$B46)/SUMIFS(W_Days,W_Module,$B46),0) -> 0
B47: ='05_Settings & Reference'!I19 -> Offline & Tải xuống | C47: =COUNTIF(W_Module,$B47) -> 6 | D47: =COUNTIFS(W_Module,$B47,W_Status,"Done") -> 0 | E47: =COUNTIFS(W_Module,$B47,W_Status,"In Progress") -> 0 | F47: =COUNTIFS(W_Module,$B47,W_Status,"To Do") -> 6 | G47: =COUNTIFS(W_Module,$B47,W_Status,"Blocked") -> 0 | H47: =COUNTIFS(W_Module,$B47,W_Alert,"⚠ Trễ hạn") -> 0 | I47: =IFERROR(SUMIFS(W_DoneDays,W_Module,$B47)/SUMIFS(W_Days,W_Module,$B47),0) -> 0
B48: ='05_Settings & Reference'!I20 -> Lời bài hát / Karaoke | C48: =COUNTIF(W_Module,$B48) -> 2 | D48: =COUNTIFS(W_Module,$B48,W_Status,"Done") -> 0 | E48: =COUNTIFS(W_Module,$B48,W_Status,"In Progress") -> 0 | F48: =COUNTIFS(W_Module,$B48,W_Status,"To Do") -> 2 | G48: =COUNTIFS(W_Module,$B48,W_Status,"Blocked") -> 0 | H48: =COUNTIFS(W_Module,$B48,W_Alert,"⚠ Trễ hạn") -> 0 | I48: =IFERROR(SUMIFS(W_DoneDays,W_Module,$B48)/SUMIFS(W_Days,W_Module,$B48),0) -> 0
B49: ='05_Settings & Reference'!I21 -> Admin / Artist Panel | C49: =COUNTIF(W_Module,$B49) -> 3 | D49: =COUNTIFS(W_Module,$B49,W_Status,"Done") -> 0 | E49: =COUNTIFS(W_Module,$B49,W_Status,"In Progress") -> 0 | F49: =COUNTIFS(W_Module,$B49,W_Status,"To Do") -> 3 | G49: =COUNTIFS(W_Module,$B49,W_Status,"Blocked") -> 0 | H49: =COUNTIFS(W_Module,$B49,W_Alert,"⚠ Trễ hạn") -> 0 | I49: =IFERROR(SUMIFS(W_DoneDays,W_Module,$B49)/SUMIFS(W_Days,W_Module,$B49),0) -> 0
B50: ='05_Settings & Reference'!I22 -> Thống kê & Xếp hạng | C50: =COUNTIF(W_Module,$B50) -> 3 | D50: =COUNTIFS(W_Module,$B50,W_Status,"Done") -> 0 | E50: =COUNTIFS(W_Module,$B50,W_Status,"In Progress") -> 0 | F50: =COUNTIFS(W_Module,$B50,W_Status,"To Do") -> 3 | G50: =COUNTIFS(W_Module,$B50,W_Status,"Blocked") -> 0 | H50: =COUNTIFS(W_Module,$B50,W_Alert,"⚠ Trễ hạn") -> 0 | I50: =IFERROR(SUMIFS(W_DoneDays,W_Module,$B50)/SUMIFS(W_Days,W_Module,$B50),0) -> 0
B51: ='05_Settings & Reference'!I23 -> Triển khai & DevOps | C51: =COUNTIF(W_Module,$B51) -> 7 | D51: =COUNTIFS(W_Module,$B51,W_Status,"Done") -> 0 | E51: =COUNTIFS(W_Module,$B51,W_Status,"In Progress") -> 0 | F51: =COUNTIFS(W_Module,$B51,W_Status,"To Do") -> 7 | G51: =COUNTIFS(W_Module,$B51,W_Status,"Blocked") -> 0 | H51: =COUNTIFS(W_Module,$B51,W_Alert,"⚠ Trễ hạn") -> 0 | I51: =IFERROR(SUMIFS(W_DoneDays,W_Module,$B51)/SUMIFS(W_Days,W_Module,$B51),0) -> 0
B53: TIẾN ĐỘ API THEO MODULE
B54: Module API | C54: Tổng API | D54: Dev Done | E54: In Progress | F54: Test Pass | G54: Test Fail | H54: P2 (mở rộng) | I54: % Dev xong
B55: ='05_Settings & Reference'!Y11 -> Auth — /api/auth | C55: =COUNTIF(A_Module,$B55) -> 8 | D55: =COUNTIFS(A_Module,$B55,A_Dev,"Done") -> 0 | E55: =COUNTIFS(A_Module,$B55,A_Dev,"In Progress") -> 0 | F55: =COUNTIFS(A_Module,$B55,A_Test,"Pass") -> 0 | G55: =COUNTIFS(A_Module,$B55,A_Test,"Fail") -> 0 | H55: =COUNTIFS(A_Module,$B55,A_Phase,"P2") -> 1 | I55: =IFERROR(D55/C55,0) -> 0
B56: ='05_Settings & Reference'!Y12 -> Users — /api/users | C56: =COUNTIF(A_Module,$B56) -> 6 | D56: =COUNTIFS(A_Module,$B56,A_Dev,"Done") -> 0 | E56: =COUNTIFS(A_Module,$B56,A_Dev,"In Progress") -> 0 | F56: =COUNTIFS(A_Module,$B56,A_Test,"Pass") -> 0 | G56: =COUNTIFS(A_Module,$B56,A_Test,"Fail") -> 0 | H56: =COUNTIFS(A_Module,$B56,A_Phase,"P2") -> 1 | I56: =IFERROR(D56/C56,0) -> 0
B57: ='05_Settings & Reference'!Y13 -> Songs — /api/songs | C57: =COUNTIF(A_Module,$B57) -> 5 | D57: =COUNTIFS(A_Module,$B57,A_Dev,"Done") -> 0 | E57: =COUNTIFS(A_Module,$B57,A_Dev,"In Progress") -> 0 | F57: =COUNTIFS(A_Module,$B57,A_Test,"Pass") -> 0 | G57: =COUNTIFS(A_Module,$B57,A_Test,"Fail") -> 0 | H57: =COUNTIFS(A_Module,$B57,A_Phase,"P2") -> 1 | I57: =IFERROR(D57/C57,0) -> 0
B58: ='05_Settings & Reference'!Y14 -> Albums — /api/albums | C58: =COUNTIF(A_Module,$B58) -> 2 | D58: =COUNTIFS(A_Module,$B58,A_Dev,"Done") -> 0 | E58: =COUNTIFS(A_Module,$B58,A_Dev,"In Progress") -> 0 | F58: =COUNTIFS(A_Module,$B58,A_Test,"Pass") -> 0 | G58: =COUNTIFS(A_Module,$B58,A_Test,"Fail") -> 0 | H58: =COUNTIFS(A_Module,$B58,A_Phase,"P2") -> 0 | I58: =IFERROR(D58/C58,0) -> 0
B59: ='05_Settings & Reference'!Y15 -> Artists — /api/artists | C59: =COUNTIF(A_Module,$B59) -> 6 | D59: =COUNTIFS(A_Module,$B59,A_Dev,"Done") -> 0 | E59: =COUNTIFS(A_Module,$B59,A_Dev,"In Progress") -> 0 | F59: =COUNTIFS(A_Module,$B59,A_Test,"Pass") -> 0 | G59: =COUNTIFS(A_Module,$B59,A_Test,"Fail") -> 0 | H59: =COUNTIFS(A_Module,$B59,A_Phase,"P2") -> 0 | I59: =IFERROR(D59/C59,0) -> 0
B60: ='05_Settings & Reference'!Y16 -> Genres — /api/genres | C60: =COUNTIF(A_Module,$B60) -> 2 | D60: =COUNTIFS(A_Module,$B60,A_Dev,"Done") -> 0 | E60: =COUNTIFS(A_Module,$B60,A_Dev,"In Progress") -> 0 | F60: =COUNTIFS(A_Module,$B60,A_Test,"Pass") -> 0 | G60: =COUNTIFS(A_Module,$B60,A_Test,"Fail") -> 0 | H60: =COUNTIFS(A_Module,$B60,A_Phase,"P2") -> 0 | I60: =IFERROR(D60/C60,0) -> 0
B61: ='05_Settings & Reference'!Y17 -> Search — /api/search | C61: =COUNTIF(A_Module,$B61) -> 3 | D61: =COUNTIFS(A_Module,$B61,A_Dev,"Done") -> 0 | E61: =COUNTIFS(A_Module,$B61,A_Dev,"In Progress") -> 0 | F61: =COUNTIFS(A_Module,$B61,A_Test,"Pass") -> 0 | G61: =COUNTIFS(A_Module,$B61,A_Test,"Fail") -> 0 | H61: =COUNTIFS(A_Module,$B61,A_Phase,"P2") -> 1 | I61: =IFERROR(D61/C61,0) -> 0
B62: ='05_Settings & Reference'!Y18 -> Streaming — /api/stream | C62: =COUNTIF(A_Module,$B62) -> 3 | D62: =COUNTIFS(A_Module,$B62,A_Dev,"Done") -> 0 | E62: =COUNTIFS(A_Module,$B62,A_Dev,"In Progress") -> 0 | F62: =COUNTIFS(A_Module,$B62,A_Test,"Pass") -> 0 | G62: =COUNTIFS(A_Module,$B62,A_Test,"Fail") -> 0 | H62: =COUNTIFS(A_Module,$B62,A_Phase,"P2") -> 0 | I62: =IFERROR(D62/C62,0) -> 0
B63: ='05_Settings & Reference'!Y19 -> Playlists — /api/playlists | C63: =COUNTIF(A_Module,$B63) -> 10 | D63: =COUNTIFS(A_Module,$B63,A_Dev,"Done") -> 0 | E63: =COUNTIFS(A_Module,$B63,A_Dev,"In Progress") -> 0 | F63: =COUNTIFS(A_Module,$B63,A_Test,"Pass") -> 0 | G63: =COUNTIFS(A_Module,$B63,A_Test,"Fail") -> 0 | H63: =COUNTIFS(A_Module,$B63,A_Phase,"P2") -> 0 | I63: =IFERROR(D63/C63,0) -> 0
B64: ='05_Settings & Reference'!Y20 -> Library — /api/library | C64: =COUNTIF(A_Module,$B64) -> 9 | D64: =COUNTIFS(A_Module,$B64,A_Dev,"Done") -> 0 | E64: =COUNTIFS(A_Module,$B64,A_Dev,"In Progress") -> 0 | F64: =COUNTIFS(A_Module,$B64,A_Test,"Pass") -> 0 | G64: =COUNTIFS(A_Module,$B64,A_Test,"Fail") -> 0 | H64: =COUNTIFS(A_Module,$B64,A_Phase,"P2") -> 0 | I64: =IFERROR(D64/C64,0) -> 0
B65: ='05_Settings & Reference'!Y21 -> Downloads — /api/downloads | C65: =COUNTIF(A_Module,$B65) -> 3 | D65: =COUNTIFS(A_Module,$B65,A_Dev,"Done") -> 0 | E65: =COUNTIFS(A_Module,$B65,A_Dev,"In Progress") -> 0 | F65: =COUNTIFS(A_Module,$B65,A_Test,"Pass") -> 0 | G65: =COUNTIFS(A_Module,$B65,A_Test,"Fail") -> 0 | H65: =COUNTIFS(A_Module,$B65,A_Phase,"P2") -> 0 | I65: =IFERROR(D65/C65,0) -> 0
B66: ='05_Settings & Reference'!Y22 -> Lyrics — /api/lyrics | C66: =COUNTIF(A_Module,$B66) -> 2 | D66: =COUNTIFS(A_Module,$B66,A_Dev,"Done") -> 0 | E66: =COUNTIFS(A_Module,$B66,A_Dev,"In Progress") -> 0 | F66: =COUNTIFS(A_Module,$B66,A_Test,"Pass") -> 0 | G66: =COUNTIFS(A_Module,$B66,A_Test,"Fail") -> 0 | H66: =COUNTIFS(A_Module,$B66,A_Phase,"P2") -> 0 | I66: =IFERROR(D66/C66,0) -> 0
... B69: ='05_Settings & Reference'!Y25 -> Analytics — /api/analytics | C69: =COUNTIF(A_Module,$B69) -> 4 | D69: =COUNTIFS(A_Module,$B69,A_Dev,"Done") -> 0 | E69: =COUNTIFS(A_Module,$B69,A_Dev,"In Progress") -> 0 | F69: =COUNTIFS(A_Module,$B69,A_Test,"Pass") -> 0 | G69: =COUNTIFS(A_Module,$B69,A_Test,"Fail") -> 0 | H69: =COUNTIFS(A_Module,$B69,A_Phase,"P2") -> 1 | I69: =IFERROR(D69/C69,0) -> 0
B70: TỔNG | C70: =SUM(C55:C69) -> 83 | D70: =SUM(D55:D69) -> 0 | E70: =SUM(E55:E69) -> 0 | F70: =SUM(F55:F69) -> 0 | G70: =SUM(G55:G69) -> 0 | H70: =SUM(H55:H69) -> 6 | I70: =IFERROR(D70/C70,0) -> 0
B72: MILESTONE
B73: Milestone | C73: Tuần | D73: Ngày | E73: Task đến mốc | F73: Đã xong | G73: % đạt | H73: Trạng thái
B74: ='05_Settings & Reference'!A19 -> Release Alpha | C74: ='05_Settings & Reference'!B19 -> 21 | D74: =CFG_Start+C74*7-1 -> 46453 | E74: =COUNTIFS(W_EndWk,"<="&C74,W_Task,"?*") -> 42 | F74: =COUNTIFS(W_EndWk,"<="&C74,W_Status,"Done") -> 0 | G74: =IFERROR(SUMIFS(W_DoneDays,W_EndWk,"<="&C74)/SUMIFS(W_Days,W_EndWk,"<="&C74),0) -> 0.0052631579 | H74: =IF(G74>=1,"✔ Đạt",IF(TODAY()>D74,"⚠ Quá hạn","Còn "&(D74-TODAY())&" ngày")) -> Còn 146 ngày | I74: ='05_Settings & Reference'!C19 -> MVP nội bộ: FE + BE + MySQL chạy được, phát/tìm nhạc
B75: ='05_Settings & Reference'!A20 -> Release Beta | C75: ='05_Settings & Reference'!B20 -> 27 | D75: =CFG_Start+C75*7-1 -> 46495 | E75: =COUNTIFS(W_EndWk,"<="&C75,W_Task,"?*") -> 58 | F75: =COUNTIFS(W_EndWk,"<="&C75,W_Status,"Done") -> 0 | G75: =IFERROR(SUMIFS(W_DoneDays,W_EndWk,"<="&C75)/SUMIFS(W_Days,W_EndWk,"<="&C75),0) -> 0.0038461538 | H75: =IF(G75>=1,"✔ Đạt",IF(TODAY()>D75,"⚠ Quá hạn","Còn "&(D75-TODAY())&" ngày")) -> Còn 188 ngày | I75: ='05_Settings & Reference'!C20 -> Có tài khoản, playlist, nhạc trên cloud, admin; 5–10 người dùng thử
B76: ='05_Settings & Reference'!A21 -> Release Production | C76: ='05_Settings & Reference'!B21 -> 34 | D76: =CFG_Start+C76*7-1 -> 46544 | E76: =COUNTIFS(W_EndWk,"<="&C76,W_Task,"?*") -> 76 | F76: =COUNTIFS(W_EndWk,"<="&C76,W_Status,"Done") -> 0 | G76: =IFERROR(SUMIFS(W_DoneDays,W_EndWk,"<="&C76)/SUMIFS(W_Days,W_EndWk,"<="&C76),0) -> 0.0029411765 | H76: =IF(G76>=1,"✔ Đạt",IF(TODAY()>D76,"⚠ Quá hạn","Còn "&(D76-TODAY())&" ngày")) -> Còn 237 ngày | I76: ='05_Settings & Reference'!C21 -> PWA offline, lyric, deploy công khai có HTTPS
B78: KHỐI LƯỢNG THEO THÀNH VIÊN
B79: Thành viên | C79: Số task | D79: Done | E79: In Progress | F79: Trễ hạn | G79: Ngày công | H79: % hoàn thành | I79: Vai trò
B80: ='05_Settings & Reference'!A11 -> Nhật | C80: =COUNTIF(W_Assignee,$B80) -> 76 | D80: =COUNTIFS(W_Assignee,$B80,W_Status,"Done") -> 0 | E80: =COUNTIFS(W_Assignee,$B80,W_Status,"In Progress") -> 1 | F80: =COUNTIFS(W_Assignee,$B80,W_Alert,"⚠ Trễ hạn") -> 0 | G80: =SUMIFS(W_Days,W_Assignee,$B80) -> 510 | H80: =IFERROR(SUMIFS(W_DoneDays,W_Assignee,$B80)/G80,0) -> 0.0029411765 | I80: ='05_Settings & Reference'!B11 -> Fullstack + PM: FE, BE, Database, UI/UX, QA, DevOps
B81: ='05_Settings & Reference'!A12 -> Thành viên 2 | C81: =COUNTIF(W_Assignee,$B81) -> 0 | D81: =COUNTIFS(W_Assignee,$B81,W_Status,"Done") -> 0 | E81: =COUNTIFS(W_Assignee,$B81,W_Status,"In Progress") -> 0 | F81: =COUNTIFS(W_Assignee,$B81,W_Alert,"⚠ Trễ hạn") -> 0 | G81: =SUMIFS(W_Days,W_Assignee,$B81) -> 0 | H81: =IFERROR(SUMIFS(W_DoneDays,W_Assignee,$B81)/G81,0) -> 0 | I81: ='05_Settings & Reference'!B12 -> UI/UX Designer (đổi tên khi có người tham gia)
B82: ='05_Settings & Reference'!A13 -> Thành viên 3 | C82: =COUNTIF(W_Assignee,$B82) -> 0 | D82: =COUNTIFS(W_Assignee,$B82,W_Status,"Done") -> 0 | E82: =COUNTIFS(W_Assignee,$B82,W_Status,"In Progress") -> 0 | F82: =COUNTIFS(W_Assignee,$B82,W_Alert,"⚠ Trễ hạn") -> 0 | G82: =SUMIFS(W_Days,W_Assignee,$B82) -> 0 | H82: =IFERROR(SUMIFS(W_DoneDays,W_Assignee,$B82)/G82,0) -> 0 | I82: ='05_Settings & Reference'!B13 -> QA / Tester (đổi tên khi có người tham gia)
B83: ='05_Settings & Reference'!A14 -> Thành viên 4 | C83: =COUNTIF(W_Assignee,$B83) -> 0 | D83: =COUNTIFS(W_Assignee,$B83,W_Status,"Done") -> 0 | E83: =COUNTIFS(W_Assignee,$B83,W_Status,"In Progress") -> 0 | F83: =COUNTIFS(W_Assignee,$B83,W_Alert,"⚠ Trễ hạn") -> 0 | G83: =SUMIFS(W_Days,W_Assignee,$B83) -> 0 | H83: =IFERROR(SUMIFS(W_DoneDays,W_Assignee,$B83)/G83,0) -> 0 | I83: ='05_Settings & Reference'!B14 -> Mobile Flutter / DevOps (đổi tên khi có người tham gia)
B84: ='05_Settings & Reference'!A15 -> Cả nhóm | C84: =COUNTIF(W_Assignee,$B84) -> 0 | D84: =COUNTIFS(W_Assignee,$B84,W_Status,"Done") -> 0 | E84: =COUNTIFS(W_Assignee,$B84,W_Status,"In Progress") -> 0 | F84: =COUNTIFS(W_Assignee,$B84,W_Alert,"⚠ Trễ hạn") -> 0 | G84: =SUMIFS(W_Days,W_Assignee,$B84) -> 0 | H84: =IFERROR(SUMIFS(W_DoneDays,W_Assignee,$B84)/G84,0) -> 0 | I84: ='05_Settings & Reference'!B15 -> Việc chung của cả nhóm

Sheet 01_WBS & Master Plan
A1: 01 — WBS & MASTER PLAN · 4TMUSIC
A2: Ô nền trắng: nhập liệu (dùng dropdown). Cột xám J, O–R: công thức tự động — không sửa. Số ngày = số tuần × 5 ngày làm việc. Trạng thái Done được tính 100% dù cột % chưa nhập.
A4: Mã WBS | B4: Giai đoạn (Phase) | C4: Module (Epic) | D4: Công việc chi tiết (Task) | E4: Người phụ trách | F4: Loại công việc | G4: Ưu tiên | H4: Tuần BĐ | I4: Tuần KT | J4: Số ngày dự kiến | K4: Trạng thái | L4: % Hoàn thành | M4: Kết quả bàn giao (Deliverable) | N4: Ghi chú | O4: Ngày BĐ | P4: Ngày KT | Q4: Cảnh báo | R4: Ngày công đã xong
A5: 0.1 | B5: GĐ0: Khởi động & nền tảng | C5: Nền tảng & Hạ tầng | D5: Học: web hoạt động thế nào — client/server, DNS, HTTP request/response, status code | E5: Nhật | F5: Học tập | G5: High | H5: 1 | I5: 1 | J5: =IF(OR(H5="",I5=""),"",(I5-H5+1)*5) -> 5 | K5: In Progress | L5: 0.3 | M5: Ghi chú kiến thức (Notion/Markdown) | N5: MDN "How the web works"; roadmap.sh | O5: =IF(H5="","",CFG_Start+(H5-1)*7) -> 46307 | P5: =IF(I5="","",CFG_Start+I5*7-1) -> 46313 | Q5: =IF(D5="","",IF(K5="Done","✔ Xong",IF(K5="Blocked","⛔ Blocked",IF(P5<TODAY(),"⚠ Trễ hạn",IF(O5<=TODAY(),"▶ Trong kỳ","Chưa tới"))))) -> ▶ Trong kỳ | R5: =IF(J5="",0,J5*IF(K5="Done",1,IF(L5="",0,L5))) -> 1.5
A6: 0.2 | B6: GĐ0: Khởi động & nền tảng | C6: Nền tảng & Hạ tầng | D6: Cài môi trường: VS Code (Prettier, ESLint), Node.js LTS, Git, Postman, Chrome DevTools | E6: Nhật | F6: DevOps | G6: High | H6: 1 | I6: 1 | J6: =IF(OR(H6="",I6=""),"",(I6-H6+1)*5) -> 5 | K6: To Do | L6: 0 | M6: Môi trường dev chạy được | O6: =IF(H6="","",CFG_Start+(H6-1)*7) -> 46307 | P6: =IF(I6="","",CFG_Start+I6*7-1) -> 46313 | Q6: =IF(D6="","",IF(K6="Done","✔ Xong",IF(K6="Blocked","⛔ Blocked",IF(P6<TODAY(),"⚠ Trễ hạn",IF(O6<=TODAY(),"▶ Trong kỳ","Chưa tới"))))) -> ▶ Trong kỳ | R6: =IF(J6="",0,J6*IF(K6="Done",1,IF(L6="",0,L6))) -> 0
A7: 0.3 | B7: GĐ0: Khởi động & nền tảng | C7: Nền tảng & Hạ tầng | D7: Học Git cơ bản; tạo repo GitHub 4TMusic (client/ + server/), README, .gitignore | E7: Nhật | F7: DevOps | G7: High | H7: 1 | I7: 2 | J7: =IF(OR(H7="",I7=""),"",(I7-H7+1)*5) -> 10 | K7: To Do | L7: 0 | M7: Repo + commit đầu tiên | N7: Commit mỗi ngày | O7: =IF(H7="","",CFG_Start+(H7-1)*7) -> 46307 | P7: =IF(I7="","",CFG_Start+I7*7-1) -> 46320 | Q7: =IF(D7="","",IF(K7="Done","✔ Xong",IF(K7="Blocked","⛔ Blocked",IF(P7<TODAY(),"⚠ Trễ hạn",IF(O7<=TODAY(),"▶ Trong kỳ","Chưa tới"))))) -> ▶ Trong kỳ | R7: =IF(J7="",0,J7*IF(K7="Done",1,IF(L7="",0,L7))) -> 0
A8: 0.4 | B8: GĐ0: Khởi động & nền tảng | C8: Nền tảng & Hạ tầng | D8: Viết tài liệu yêu cầu rút gọn: tính năng, vai trò (Khách, User, Artist, Admin), phạm vi P1/P2 | E8: Nhật | F8: Docs | G8: High | H8: 2 | I8: 2 | J8: =IF(OR(H8="",I8=""),"",(I8-H8+1)*5) -> 5 | K8: To Do | L8: 0 | M8: SRS rút gọn v0.1 | O8: =IF(H8="","",CFG_Start+(H8-1)*7) -> 46314 | P8: =IF(I8="","",CFG_Start+I8*7-1) -> 46320 | Q8: =IF(D8="","",IF(K8="Done","✔ Xong",IF(K8="Blocked","⛔ Blocked",IF(P8<TODAY(),"⚠ Trễ hạn",IF(O8<=TODAY(),"▶ Trong kỳ","Chưa tới"))))) -> Chưa tới | R8: =IF(J8="",0,J8*IF(K8="Done",1,IF(L8="",0,L8))) -> 0
A9: 0.5 | B9: GĐ0: Khởi động & nền tảng | C9: Giao diện chung (Layout/Theme) | D9: Phác wireframe: Trang chủ, Tìm kiếm, Album, Nghệ sĩ, Playlist, Thư viện, Player bar, Now Playing | E9: Nhật | F9: UI | G9: Medium | H9: 2 | I9: 2 | J9: =IF(OR(H9="",I9=""),"",(I9-H9+1)*5) -> 5 | K9: To Do | L9: 0 | M9: Wireframe Figma | N9: Tham khảo bố cục app nghe nhạc phổ biến | O9: =IF(H9="","",CFG_Start+(H9-1)*7) -> 46314 | P9: =IF(I9="","",CFG_Start+I9*7-1) -> 46320 | Q9: =IF(D9="","",IF(K9="Done","✔ Xong",IF(K9="Blocked","⛔ Blocked",IF(P9<TODAY(),"⚠ Trễ hạn",IF(O9<=TODAY(),"▶ Trong kỳ","Chưa tới"))))) -> Chưa tới | R9: =IF(J9="",0,J9*IF(K9="Done",1,IF(L9="",0,L9))) -> 0
A10: 0.6 | B10: GĐ0: Khởi động & nền tảng | C10: Streaming & Lưu trữ | D10: Chốt nguồn nhạc hợp pháp: đăng ký Jamendo API, tải 20–30 bài Creative Commons, lập bảng giấy phép | E10: Nhật | F10: Docs | G10: High | H10: 2 | I10: 2 | J10: =IF(OR(H10="",I10=""),"",(I10-H10+1)*5) -> 5 | K10: To Do | L10: 0 | M10: Bộ nhạc mẫu + bảng license | N10: Chỉ cho tải offline bài có license cho phép | O10: =IF(H10="","",CFG_Start+(H10-1)*7) -> 46314 | P10: =IF(I10="","",CFG_Start+I10*7-1) -> 46320 | Q10: =IF(D10="","",IF(K10="Done","✔ Xong",IF(K10="Blocked","⛔ Blocked",IF(P10<TODAY(),"⚠ Trễ hạn",IF(O10<=TODAY(),"▶ Trong kỳ","Chưa tới"))))) -> Chưa tới | R10: =IF(J10="",0,J10*IF(K10="Done",1,IF(L10="",0,L10))) -> 0
A11: 1.1 | B11: GĐ1: Giao diện tĩnh (HTML/CSS) | C11: Giao diện chung (Layout/Theme) | D11: Học HTML ngữ nghĩa & CSS cơ bản (selector, box model, đơn vị) | E11: Nhật | F11: Học tập | G11: High | H11: 3 | I11: 3 | J11: =IF(OR(H11="",I11=""),"",(I11-H11+1)*5) -> 5 | K11: To Do | L11: 0 | M11: Bài tập nhỏ | N11: MDN Learn HTML/CSS | O11: =IF(H11="","",CFG_Start+(H11-1)*7) -> 46321 | P11: =IF(I11="","",CFG_Start+I11*7-1) -> 46327 | Q11: =IF(D11="","",IF(K11="Done","✔ Xong",IF(K11="Blocked","⛔ Blocked",IF(P11<TODAY(),"⚠ Trễ hạn",IF(O11<=TODAY(),"▶ Trong kỳ","Chưa tới"))))) -> Chưa tới | R11: =IF(J11="",0,J11*IF(K11="Done",1,IF(L11="",0,L11))) -> 0
A12: 1.2 | B12: GĐ1: Giao diện tĩnh (HTML/CSS) | C12: Giao diện chung (Layout/Theme) | D12: Học Flexbox, Grid, responsive (media query, mobile-first) | E12: Nhật | F12: Học tập | G12: High | H12: 3 | I12: 4 | J12: =IF(OR(H12="",I12=""),"",(I12-H12+1)*5) -> 10 | K12: To Do | L12: 0 | M12: Bài tập Flexbox Froggy/Grid Garden | O12: =IF(H12="","",CFG_Start+(H12-1)*7) -> 46321 | P12: =IF(I12="","",CFG_Start+I12*7-1) -> 46334 | Q12: =IF(D12="","",IF(K12="Done","✔ Xong",IF(K12="Blocked","⛔ Blocked",IF(P12<TODAY(),"⚠ Trễ hạn",IF(O12<=TODAY(),"▶ Trong kỳ","Chưa tới"))))) -> Chưa tới | R12: =IF(J12="",0,J12*IF(K12="Done",1,IF(L12="",0,L12))) -> 0
A13: 1.3 | B13: GĐ1: Giao diện tĩnh (HTML/CSS) | C13: Giao diện chung (Layout/Theme) | D13: Dựng layout tĩnh: sidebar menu, header + ô tìm kiếm, vùng nội dung | E13: Nhật | F13: UI | G13: High | H13: 4 | I13: 4 | J13: =IF(OR(H13="",I13=""),"",(I13-H13+1)*5) -> 5 | K13: To Do | L13: 0 | M13: index.html + style.css | O13: =IF(H13="","",CFG_Start+(H13-1)*7) -> 46328 | P13: =IF(I13="","",CFG_Start+I13*7-1) -> 46334 | Q13: =IF(D13="","",IF(K13="Done","✔ Xong",IF(K13="Blocked","⛔ Blocked",IF(P13<TODAY(),"⚠ Trễ hạn",IF(O13<=TODAY(),"▶ Trong kỳ","Chưa tới"))))) -> Chưa tới | R13: =IF(J13="",0,J13*IF(K13="Done",1,IF(L13="",0,L13))) -> 0
A14: 1.4 | B14: GĐ1: Giao diện tĩnh (HTML/CSS) | C14: Tìm kiếm & Khám phá | D14: Dựng trang chủ tĩnh: lưới album, danh sách bài nổi bật, thể loại | E14: Nhật | F14: UI | G14: Medium | H14: 4 | I14: 5 | J14: =IF(OR(H14="",I14=""),"",(I14-H14+1)*5) -> 10 | K14: To Do | L14: 0 | M14: Trang chủ tĩnh | O14: =IF(H14="","",CFG_Start+(H14-1)*7) -> 46328 | P14: =IF(I14="","",CFG_Start+I14*7-1) -> 46341 | Q14: =IF(D14="","",IF(K14="Done","✔ Xong",IF(K14="Blocked","⛔ Blocked",IF(P14<TODAY(),"⚠ Trễ hạn",IF(O14<=TODAY(),"▶ Trong kỳ","Chưa tới"))))) -> Chưa tới | R14: =IF(J14="",0,J14*IF(K14="Done",1,IF(L14="",0,L14))) -> 0
A15: 1.5 | B15: GĐ1: Giao diện tĩnh (HTML/CSS) | C15: Phát nhạc & Player | D15: Dựng thanh Player cố định dưới màn hình (ảnh bìa, tên bài, nút, thanh tiến trình) | E15: Nhật | F15: UI | G15: High | H15: 5 | I15: 5 | J15: =IF(OR(H15="",I15=""),"",(I15-H15+1)*5) -> 5 | K15: To Do | L15: 0 | M15: Player bar tĩnh | N15: Thử <audio controls> phát 1 bài CC | O15: =IF(H15="","",CFG_Start+(H15-1)*7) -> 46335 | P15: =IF(I15="","",CFG_Start+I15*7-1) -> 46341 | Q15: =IF(D15="","",IF(K15="Done","✔ Xong",IF(K15="Blocked","⛔ Blocked",IF(P15<TODAY(),"⚠ Trễ hạn",IF(O15<=TODAY(),"▶ Trong kỳ","Chưa tới"))))) -> Chưa tới | R15: =IF(J15="",0,J15*IF(K15="Done",1,IF(L15="",0,L15))) -> 0
A16: 1.6 | B16: GĐ1: Giao diện tĩnh (HTML/CSS) | C16: Giao diện chung (Layout/Theme) | D16: Giao diện Sáng/Tối bằng CSS variables | E16: Nhật | F16: UI | G16: Low | H16: 5 | I16: 5 | J16: =IF(OR(H16="",I16=""),"",(I16-H16+1)*5) -> 5 | K16: To Do | L16: 0 | M16: Theme toggle | O16: =IF(H16="","",CFG_Start+(H16-1)*7) -> 46335 | P16: =IF(I16="","",CFG_Start+I16*7-1) -> 46341 | Q16: =IF(D16="","",IF(K16="Done","✔ Xong",IF(K16="Blocked","⛔ Blocked",IF(P16<TODAY(),"⚠ Trễ hạn",IF(O16<=TODAY(),"▶ Trong kỳ","Chưa tới"))))) -> Chưa tới | R16: =IF(J16="",0,J16*IF(K16="Done",1,IF(L16="",0,L16))) -> 0
A17: 1.7 | B17: GĐ1: Giao diện tĩnh (HTML/CSS) | C17: Giao diện chung (Layout/Theme) | D17: Kiểm tra responsive ở 3 kích thước (mobile/tablet/laptop) | E17: Nhật | F17: Testing | G17: Medium | H17: 5 | I17: 5 | J17: =IF(OR(H17="",I17=""),"",(I17-H17+1)*5) -> 5 | K17: To Do | L17: 0 | M17: Checklist responsive | O17: =IF(H17="","",CFG_Start+(H17-1)*7) -> 46335 | P17: =IF(I17="","",CFG_Start+I17*7-1) -> 46341 | Q17: =IF(D17="","",IF(K17="Done","✔ Xong",IF(K17="Blocked","⛔ Blocked",IF(P17<TODAY(),"⚠ Trễ hạn",IF(O17<=TODAY(),"▶ Trong kỳ","Chưa tới"))))) -> Chưa tới | R17: =IF(J17="",0,J17*IF(K17="Done",1,IF(L17="",0,L17))) -> 0
A18: 2.1 | B18: GĐ2: Trình phát nhạc (JavaScript) | C18: Phát nhạc & Player | D18: Học JavaScript cơ bản: biến, hàm, mảng, object, map/filter | E18: Nhật | F18: Học tập | G18: High | H18: 6 | I18: 7 | J18: =IF(OR(H18="",I18=""),"",(I18-H18+1)*5) -> 10 | K18: To Do | L18: 0 | M18: Bài tập javascript.info | O18: =IF(H18="","",CFG_Start+(H18-1)*7) -> 46342 | P18: =IF(I18="","",CFG_Start+I18*7-1) -> 46355 | Q18: =IF(D18="","",IF(K18="Done","✔ Xong",IF(K18="Blocked","⛔ Blocked",IF(P18<TODAY(),"⚠ Trễ hạn",IF(O18<=TODAY(),"▶ Trong kỳ","Chưa tới"))))) -> Chưa tới | R18: =IF(J18="",0,J18*IF(K18="Done",1,IF(L18="",0,L18))) -> 0
A19: 2.2 | B19: GĐ2: Trình phát nhạc (JavaScript) | C19: Phát nhạc & Player | D19: Học DOM, sự kiện, fetch, Promise, async/await | E19: Nhật | F19: Học tập | G19: High | H19: 7 | I19: 8 | J19: =IF(OR(H19="",I19=""),"",(I19-H19+1)*5) -> 10 | K19: To Do | L19: 0 | M19: Bài tập DOM | O19: =IF(H19="","",CFG_Start+(H19-1)*7) -> 46349 | P19: =IF(I19="","",CFG_Start+I19*7-1) -> 46362 | Q19: =IF(D19="","",IF(K19="Done","✔ Xong",IF(K19="Blocked","⛔ Blocked",IF(P19<TODAY(),"⚠ Trễ hạn",IF(O19<=TODAY(),"▶ Trong kỳ","Chưa tới"))))) -> Chưa tới | R19: =IF(J19="",0,J19*IF(K19="Done",1,IF(L19="",0,L19))) -> 0
A20: 2.3 | B20: GĐ2: Trình phát nhạc (JavaScript) | C20: Phát nhạc & Player | D20: Player JS thuần: play/pause, thanh tua, thời gian, âm lượng (HTMLAudioElement) | E20: Nhật | F20: FE | G20: High | H20: 8 | I20: 8 | J20: =IF(OR(H20="",I20=""),"",(I20-H20+1)*5) -> 5 | K20: To Do | L20: 0 | M20: player.js | N20: Sự kiện timeupdate, ended | O20: =IF(H20="","",CFG_Start+(H20-1)*7) -> 46356 | P20: =IF(I20="","",CFG_Start+I20*7-1) -> 46362 | Q20: =IF(D20="","",IF(K20="Done","✔ Xong",IF(K20="Blocked","⛔ Blocked",IF(P20<TODAY(),"⚠ Trễ hạn",IF(O20<=TODAY(),"▶ Trong kỳ","Chưa tới"))))) -> Chưa tới | R20: =IF(J20="",0,J20*IF(K20="Done",1,IF(L20="",0,L20))) -> 0
A21: 2.4 | B21: GĐ2: Trình phát nhạc (JavaScript) | C21: Phát nhạc & Player | D21: Danh sách bài lấy từ songs.json (fetch), bấm bài để phát | E21: Nhật | F21: FE | G21: High | H21: 8 | I21: 9 | J21: =IF(OR(H21="",I21=""),"",(I21-H21+1)*5) -> 10 | K21: To Do | L21: 0 | M21: Song list động | O21: =IF(H21="","",CFG_Start+(H21-1)*7) -> 46356 | P21: =IF(I21="","",CFG_Start+I21*7-1) -> 46369 | Q21: =IF(D21="","",IF(K21="Done","✔ Xong",IF(K21="Blocked","⛔ Blocked",IF(P21<TODAY(),"⚠ Trễ hạn",IF(O21<=TODAY(),"▶ Trong kỳ","Chưa tới"))))) -> Chưa tới | R21: =IF(J21="",0,J21*IF(K21="Done",1,IF(L21="",0,L21))) -> 0
A22: 2.5 | B22: GĐ2: Trình phát nhạc (JavaScript) | C22: Phát nhạc & Player | D22: Next/Prev, Shuffle, Repeat (one/all), tự chuyển bài khi hết | E22: Nhật | F22: FE | G22: High | H22: 9 | I22: 9 | J22: =IF(OR(H22="",I22=""),"",(I22-H22+1)*5) -> 5 | K22: To Do | L22: 0 | M22: Điều khiển phát đầy đủ | O22: =IF(H22="","",CFG_Start+(H22-1)*7) -> 46363 | P22: =IF(I22="","",CFG_Start+I22*7-1) -> 46369 | Q22: =IF(D22="","",IF(K22="Done","✔ Xong",IF(K22="Blocked","⛔ Blocked",IF(P22<TODAY(),"⚠ Trễ hạn",IF(O22<=TODAY(),"▶ Trong kỳ","Chưa tới"))))) -> Chưa tới | R22: =IF(J22="",0,J22*IF(K22="Done",1,IF(L22="",0,L22))) -> 0
A23: 2.6 | B23: GĐ2: Trình phát nhạc (JavaScript) | C23: Phát nhạc & Player | D23: Hàng đợi phát (queue): thêm, xóa, phát tiếp theo | E23: Nhật | F23: FE | G23: Medium | H23: 9 | I23: 9 | J23: =IF(OR(H23="",I23=""),"",(I23-H23+1)*5) -> 5 | K23: To Do | L23: 0 | M23: Queue panel | O23: =IF(H23="","",CFG_Start+(H23-1)*7) -> 46363 | P23: =IF(I23="","",CFG_Start+I23*7-1) -> 46369 | Q23: =IF(D23="","",IF(K23="Done","✔ Xong",IF(K23="Blocked","⛔ Blocked",IF(P23<TODAY(),"⚠ Trễ hạn",IF(O23<=TODAY(),"▶ Trong kỳ","Chưa tới"))))) -> Chưa tới | R23: =IF(J23="",0,J23*IF(K23="Done",1,IF(L23="",0,L23))) -> 0
A24: 2.7 | B24: GĐ2: Trình phát nhạc (JavaScript) | C24: Phát nhạc & Player | D24: Kiểm thử player trên Chrome, Firefox, điện thoại | E24: Nhật | F24: Testing | G24: Medium | H24: 9 | I24: 9 | J24: =IF(OR(H24="",I24=""),"",(I24-H24+1)*5) -> 5 | K24: To Do | L24: 0 | M24: Bug list | O24: =IF(H24="","",CFG_Start+(H24-1)*7) -> 46363 | P24: =IF(I24="","",CFG_Start+I24*7-1) -> 46369 | Q24: =IF(D24="","",IF(K24="Done","✔ Xong",IF(K24="Blocked","⛔ Blocked",IF(P24<TODAY(),"⚠ Trễ hạn",IF(O24<=TODAY(),"▶ Trong kỳ","Chưa tới"))))) -> Chưa tới | R24: =IF(J24="",0,J24*IF(K24="Done",1,IF(L24="",0,L24))) -> 0
A25: 3.1 | B25: GĐ3: Frontend React | C25: Giao diện chung (Layout/Theme) | D25: Học React: component, props, state, hooks; khởi tạo project Vite | E25: Nhật | F25: Học tập | G25: High | H25: 10 | I25: 11 | J25: =IF(OR(H25="",I25=""),"",(I25-H25+1)*5) -> 10 | K25: To Do | L25: 0 | M25: Project client/ chạy được | N25: react.dev Learn | O25: =IF(H25="","",CFG_Start+(H25-1)*7) -> 46370 | P25: =IF(I25="","",CFG_Start+I25*7-1) -> 46383 | Q25: =IF(D25="","",IF(K25="Done","✔ Xong",IF(K25="Blocked","⛔ Blocked",IF(P25<TODAY(),"⚠ Trễ hạn",IF(O25<=TODAY(),"▶ Trong kỳ","Chưa tới"))))) -> Chưa tới | R25: =IF(J25="",0,J25*IF(K25="Done",1,IF(L25="",0,L25))) -> 0
A26: 3.2 | B26: GĐ3: Frontend React | C26: Giao diện chung (Layout/Theme) | D26: Cài Tailwind + React Router; layout chung Sidebar + Outlet + PlayerBar | E26: Nhật | F26: FE | G26: High | H26: 11 | I26: 11 | J26: =IF(OR(H26="",I26=""),"",(I26-H26+1)*5) -> 5 | K26: To Do | L26: 0 | M26: App shell | N26: Player nằm ngoài <Outlet> để không bị reset | O26: =IF(H26="","",CFG_Start+(H26-1)*7) -> 46377 | P26: =IF(I26="","",CFG_Start+I26*7-1) -> 46383 | Q26: =IF(D26="","",IF(K26="Done","✔ Xong",IF(K26="Blocked","⛔ Blocked",IF(P26<TODAY(),"⚠ Trễ hạn",IF(O26<=TODAY(),"▶ Trong kỳ","Chưa tới"))))) -> Chưa tới | R26: =IF(J26="",0,J26*IF(K26="Done",1,IF(L26="",0,L26))) -> 0
A27: 3.3 | B27: GĐ3: Frontend React | C27: Phát nhạc & Player | D27: Chuyển player sang React: store Zustand (bài hiện tại, queue, trạng thái), hook usePlayer | E27: Nhật | F27: FE | G27: High | H27: 11 | I27: 12 | J27: =IF(OR(H27="",I27=""),"",(I27-H27+1)*5) -> 10 | K27: To Do | L27: 0 | M27: usePlayer + playerStore | O27: =IF(H27="","",CFG_Start+(H27-1)*7) -> 46377 | P27: =IF(I27="","",CFG_Start+I27*7-1) -> 46390 | Q27: =IF(D27="","",IF(K27="Done","✔ Xong",IF(K27="Blocked","⛔ Blocked",IF(P27<TODAY(),"⚠ Trễ hạn",IF(O27<=TODAY(),"▶ Trong kỳ","Chưa tới"))))) -> Chưa tới | R27: =IF(J27="",0,J27*IF(K27="Done",1,IF(L27="",0,L27))) -> 0
A28: 3.4 | B28: GĐ3: Frontend React | C28: Tìm kiếm & Khám phá | D28: Trang Home, Album, Nghệ sĩ, Thể loại với dữ liệu mock | E28: Nhật | F28: FE | G28: High | H28: 12 | I28: 13 | J28: =IF(OR(H28="",I28=""),"",(I28-H28+1)*5) -> 10 | K28: To Do | L28: 0 | M28: 4 trang chính | O28: =IF(H28="","",CFG_Start+(H28-1)*7) -> 46384 | P28: =IF(I28="","",CFG_Start+I28*7-1) -> 46397 | Q28: =IF(D28="","",IF(K28="Done","✔ Xong",IF(K28="Blocked","⛔ Blocked",IF(P28<TODAY(),"⚠ Trễ hạn",IF(O28<=TODAY(),"▶ Trong kỳ","Chưa tới"))))) -> Chưa tới | R28: =IF(J28="",0,J28*IF(K28="Done",1,IF(L28="",0,L28))) -> 0
A29: 3.5 | B29: GĐ3: Frontend React | C29: Tìm kiếm & Khám phá | D29: Trang Tìm kiếm: lọc theo tên bài/nghệ sĩ phía frontend | E29: Nhật | F29: FE | G29: Medium | H29: 13 | I29: 13 | J29: =IF(OR(H29="",I29=""),"",(I29-H29+1)*5) -> 5 | K29: To Do | L29: 0 | M29: Search page | O29: =IF(H29="","",CFG_Start+(H29-1)*7) -> 46391 | P29: =IF(I29="","",CFG_Start+I29*7-1) -> 46397 | Q29: =IF(D29="","",IF(K29="Done","✔ Xong",IF(K29="Blocked","⛔ Blocked",IF(P29<TODAY(),"⚠ Trễ hạn",IF(O29<=TODAY(),"▶ Trong kỳ","Chưa tới"))))) -> Chưa tới | R29: =IF(J29="",0,J29*IF(K29="Done",1,IF(L29="",0,L29))) -> 0
A30: 3.6 | B30: GĐ3: Frontend React | C30: Phát nhạc & Player | D30: Media Session API: điều khiển từ màn hình khóa / tai nghe | E30: Nhật | F30: FE | G30: Low | H30: 13 | I30: 13 | J30: =IF(OR(H30="",I30=""),"",(I30-H30+1)*5) -> 5 | K30: To Do | L30: 0 | M30: Media controls | O30: =IF(H30="","",CFG_Start+(H30-1)*7) -> 46391 | P30: =IF(I30="","",CFG_Start+I30*7-1) -> 46397 | Q30: =IF(D30="","",IF(K30="Done","✔ Xong",IF(K30="Blocked","⛔ Blocked",IF(P30<TODAY(),"⚠ Trễ hạn",IF(O30<=TODAY(),"▶ Trong kỳ","Chưa tới"))))) -> Chưa tới | R30: =IF(J30="",0,J30*IF(K30="Done",1,IF(L30="",0,L30))) -> 0
A31: 3.7 | B31: GĐ3: Frontend React | C31: Giao diện chung (Layout/Theme) | D31: Kiểm thử: nhạc phát liên tục khi chuyển trang | E31: Nhật | F31: Testing | G31: High | H31: 13 | I31: 13 | J31: =IF(OR(H31="",I31=""),"",(I31-H31+1)*5) -> 5 | K31: To Do | L31: 0 | M31: Test case pass | O31: =IF(H31="","",CFG_Start+(H31-1)*7) -> 46391 | P31: =IF(I31="","",CFG_Start+I31*7-1) -> 46397 | Q31: =IF(D31="","",IF(K31="Done","✔ Xong",IF(K31="Blocked","⛔ Blocked",IF(P31<TODAY(),"⚠ Trễ hạn",IF(O31<=TODAY(),"▶ Trong kỳ","Chưa tới"))))) -> Chưa tới | R31: =IF(J31="",0,J31*IF(K31="Done",1,IF(L31="",0,L31))) -> 0
A32: 4.1 | B32: GĐ4: Backend & Streaming API | C32: Nền tảng & Hạ tầng | D32: Học Node.js, Express, REST API, middleware | E32: Nhật | F32: Học tập | G32: High | H32: 14 | I32: 14 | J32: =IF(OR(H32="",I32=""),"",(I32-H32+1)*5) -> 5 | K32: To Do | L32: 0 | M32: Ghi chú + demo | N32: Express Guide | O32: =IF(H32="","",CFG_Start+(H32-1)*7) -> 46398 | P32: =IF(I32="","",CFG_Start+I32*7-1) -> 46404 | Q32: =IF(D32="","",IF(K32="Done","✔ Xong",IF(K32="Blocked","⛔ Blocked",IF(P32<TODAY(),"⚠ Trễ hạn",IF(O32<=TODAY(),"▶ Trong kỳ","Chưa tới"))))) -> Chưa tới | R32: =IF(J32="",0,J32*IF(K32="Done",1,IF(L32="",0,L32))) -> 0
A33: 4.2 | B33: GĐ4: Backend & Streaming API | C33: Nền tảng & Hạ tầng | D33: Khởi tạo server/: routes-controllers-services, .env, CORS, xử lý lỗi tập trung | E33: Nhật | F33: BE | G33: High | H33: 14 | I33: 15 | J33: =IF(OR(H33="",I33=""),"",(I33-H33+1)*5) -> 10 | K33: To Do | L33: 0 | M33: Server skeleton | O33: =IF(H33="","",CFG_Start+(H33-1)*7) -> 46398 | P33: =IF(I33="","",CFG_Start+I33*7-1) -> 46411 | Q33: =IF(D33="","",IF(K33="Done","✔ Xong",IF(K33="Blocked","⛔ Blocked",IF(P33<TODAY(),"⚠ Trễ hạn",IF(O33<=TODAY(),"▶ Trong kỳ","Chưa tới"))))) -> Chưa tới | R33: =IF(J33="",0,J33*IF(K33="Done",1,IF(L33="",0,L33))) -> 0
A34: 4.3 | B34: GĐ4: Backend & Streaming API | C34: Tìm kiếm & Khám phá | D34: API catalog: GET /songs, /songs/:id, /albums, /artists (dữ liệu tạm trong code) | E34: Nhật | F34: API | G34: High | H34: 15 | I34: 15 | J34: =IF(OR(H34="",I34=""),"",(I34-H34+1)*5) -> 5 | K34: To Do | L34: 0 | M34: Catalog API v0 | O34: =IF(H34="","",CFG_Start+(H34-1)*7) -> 46405 | P34: =IF(I34="","",CFG_Start+I34*7-1) -> 46411 | Q34: =IF(D34="","",IF(K34="Done","✔ Xong",IF(K34="Blocked","⛔ Blocked",IF(P34<TODAY(),"⚠ Trễ hạn",IF(O34<=TODAY(),"▶ Trong kỳ","Chưa tới"))))) -> Chưa tới | R34: =IF(J34="",0,J34*IF(K34="Done",1,IF(L34="",0,L34))) -> 0
A35: 4.4 | B35: GĐ4: Backend & Streaming API | C35: Streaming & Lưu trữ | D35: API stream mp3 hỗ trợ HTTP Range (206 Partial Content) | E35: Nhật | F35: API | G35: High | H35: 15 | I35: 16 | J35: =IF(OR(H35="",I35=""),"",(I35-H35+1)*5) -> 10 | K35: To Do | L35: 0 | M35: GET /api/stream/:id | N35: Tự viết xử lý Range, không chỉ res.sendFile | O35: =IF(H35="","",CFG_Start+(H35-1)*7) -> 46405 | P35: =IF(I35="","",CFG_Start+I35*7-1) -> 46418 | Q35: =IF(D35="","",IF(K35="Done","✔ Xong",IF(K35="Blocked","⛔ Blocked",IF(P35<TODAY(),"⚠ Trễ hạn",IF(O35<=TODAY(),"▶ Trong kỳ","Chưa tới"))))) -> Chưa tới | R35: =IF(J35="",0,J35*IF(K35="Done",1,IF(L35="",0,L35))) -> 0
A36: 4.5 | B36: GĐ4: Backend & Streaming API | C36: Phát nhạc & Player | D36: Frontend gọi API thật bằng TanStack Query thay cho mock | E36: Nhật | F36: FE | G36: High | H36: 16 | I36: 16 | J36: =IF(OR(H36="",I36=""),"",(I36-H36+1)*5) -> 5 | K36: To Do | L36: 0 | M36: FE nối BE | O36: =IF(H36="","",CFG_Start+(H36-1)*7) -> 46412 | P36: =IF(I36="","",CFG_Start+I36*7-1) -> 46418 | Q36: =IF(D36="","",IF(K36="Done","✔ Xong",IF(K36="Blocked","⛔ Blocked",IF(P36<TODAY(),"⚠ Trễ hạn",IF(O36<=TODAY(),"▶ Trong kỳ","Chưa tới"))))) -> Chưa tới | R36: =IF(J36="",0,J36*IF(K36="Done",1,IF(L36="",0,L36))) -> 0
A37: 4.6 | B37: GĐ4: Backend & Streaming API | C37: Nền tảng & Hạ tầng | D37: Chuẩn hóa API contract: {data, message, pagination}, mã lỗi, tài liệu endpoint | E37: Nhật | F37: Docs | G37: Medium | H37: 16 | I37: 17 | J37: =IF(OR(H37="",I37=""),"",(I37-H37+1)*5) -> 10 | K37: To Do | L37: 0 | M37: API contract | N37: Cập nhật sheet 03 | O37: =IF(H37="","",CFG_Start+(H37-1)*7) -> 46412 | P37: =IF(I37="","",CFG_Start+I37*7-1) -> 46425 | Q37: =IF(D37="","",IF(K37="Done","✔ Xong",IF(K37="Blocked","⛔ Blocked",IF(P37<TODAY(),"⚠ Trễ hạn",IF(O37<=TODAY(),"▶ Trong kỳ","Chưa tới"))))) -> Chưa tới | R37: =IF(J37="",0,J37*IF(K37="Done",1,IF(L37="",0,L37))) -> 0
A38: 4.7 | B38: GĐ4: Backend & Streaming API | C38: Streaming & Lưu trữ | D38: Kiểm thử API bằng Postman; tua giữa bài trả 206 | E38: Nhật | F38: Testing | G38: High | H38: 17 | I38: 17 | J38: =IF(OR(H38="",I38=""),"",(I38-H38+1)*5) -> 5 | K38: To Do | L38: 0 | M38: Postman collection | O38: =IF(H38="","",CFG_Start+(H38-1)*7) -> 46419 | P38: =IF(I38="","",CFG_Start+I38*7-1) -> 46425 | Q38: =IF(D38="","",IF(K38="Done","✔ Xong",IF(K38="Blocked","⛔ Blocked",IF(P38<TODAY(),"⚠ Trễ hạn",IF(O38<=TODAY(),"▶ Trong kỳ","Chưa tới"))))) -> Chưa tới | R38: =IF(J38="",0,J38*IF(K38="Done",1,IF(L38="",0,L38))) -> 0
A39: 5.1 | B39: GĐ5: Database & dữ liệu nhạc | C39: Nền tảng & Hạ tầng | D39: Học SQL: SELECT, JOIN, GROUP BY, khóa chính/ngoại, index | E39: Nhật | F39: Học tập | G39: High | H39: 18 | I39: 18 | J39: =IF(OR(H39="",I39=""),"",(I39-H39+1)*5) -> 5 | K39: To Do | L39: 0 | M39: Bài tập SQLBolt | O39: =IF(H39="","",CFG_Start+(H39-1)*7) -> 46426 | P39: =IF(I39="","",CFG_Start+I39*7-1) -> 46432 | Q39: =IF(D39="","",IF(K39="Done","✔ Xong",IF(K39="Blocked","⛔ Blocked",IF(P39<TODAY(),"⚠ Trễ hạn",IF(O39<=TODAY(),"▶ Trong kỳ","Chưa tới"))))) -> Chưa tới | R39: =IF(J39="",0,J39*IF(K39="Done",1,IF(L39="",0,L39))) -> 0
A40: 5.2 | B40: GĐ5: Database & dữ liệu nhạc | C40: Nền tảng & Hạ tầng | D40: Thiết kế ERD: users, artists, albums, songs, song_artists, genres, playlists, playlist_songs, likes, follows, listen_history, downloads, lyrics | E40: Nhật | F40: Database | G40: High | H40: 18 | I40: 19 | J40: =IF(OR(H40="",I40=""),"",(I40-H40+1)*5) -> 10 | K40: To Do | L40: 0 | M40: ERD draw.io + SQL | O40: =IF(H40="","",CFG_Start+(H40-1)*7) -> 46426 | P40: =IF(I40="","",CFG_Start+I40*7-1) -> 46439 | Q40: =IF(D40="","",IF(K40="Done","✔ Xong",IF(K40="Blocked","⛔ Blocked",IF(P40<TODAY(),"⚠ Trễ hạn",IF(O40<=TODAY(),"▶ Trong kỳ","Chưa tới"))))) -> Chưa tới | R40: =IF(J40="",0,J40*IF(K40="Done",1,IF(L40="",0,L40))) -> 0
A41: 5.3 | B41: GĐ5: Database & dữ liệu nhạc | C41: Nền tảng & Hạ tầng | D41: Cài Prisma: schema, migration MySQL | E41: Nhật | F41: Database | G41: High | H41: 19 | I41: 19 | J41: =IF(OR(H41="",I41=""),"",(I41-H41+1)*5) -> 5 | K41: To Do | L41: 0 | M41: schema.prisma | O41: =IF(H41="","",CFG_Start+(H41-1)*7) -> 46433 | P41: =IF(I41="","",CFG_Start+I41*7-1) -> 46439 | Q41: =IF(D41="","",IF(K41="Done","✔ Xong",IF(K41="Blocked","⛔ Blocked",IF(P41<TODAY(),"⚠ Trễ hạn",IF(O41<=TODAY(),"▶ Trong kỳ","Chưa tới"))))) -> Chưa tới | R41: =IF(J41="",0,J41*IF(K41="Done",1,IF(L41="",0,L41))) -> 0
A42: 5.4 | B42: GĐ5: Database & dữ liệu nhạc | C42: Streaming & Lưu trữ | D42: Seed 50 bài nhạc CC kèm nghệ sĩ, album, thể loại, giấy phép | E42: Nhật | F42: Database | G42: High | H42: 19 | I42: 20 | J42: =IF(OR(H42="",I42=""),"",(I42-H42+1)*5) -> 10 | K42: To Do | L42: 0 | M42: Seed script | N42: Ghi rõ tác giả + license | O42: =IF(H42="","",CFG_Start+(H42-1)*7) -> 46433 | P42: =IF(I42="","",CFG_Start+I42*7-1) -> 46446 | Q42: =IF(D42="","",IF(K42="Done","✔ Xong",IF(K42="Blocked","⛔ Blocked",IF(P42<TODAY(),"⚠ Trễ hạn",IF(O42<=TODAY(),"▶ Trong kỳ","Chưa tới"))))) -> Chưa tới | R42: =IF(J42="",0,J42*IF(K42="Done",1,IF(L42="",0,L42))) -> 0
A43: 5.5 | B43: GĐ5: Database & dữ liệu nhạc | C43: Tìm kiếm & Khám phá | D43: Chuyển API catalog sang MySQL, có phân trang & sắp xếp | E43: Nhật | F43: API | G43: High | H43: 20 | I43: 20 | J43: =IF(OR(H43="",I43=""),"",(I43-H43+1)*5) -> 5 | K43: To Do | L43: 0 | M43: Catalog API v1 | O43: =IF(H43="","",CFG_Start+(H43-1)*7) -> 46440 | P43: =IF(I43="","",CFG_Start+I43*7-1) -> 46446 | Q43: =IF(D43="","",IF(K43="Done","✔ Xong",IF(K43="Blocked","⛔ Blocked",IF(P43<TODAY(),"⚠ Trễ hạn",IF(O43<=TODAY(),"▶ Trong kỳ","Chưa tới"))))) -> Chưa tới | R43: =IF(J43="",0,J43*IF(K43="Done",1,IF(L43="",0,L43))) -> 0
A44: 5.6 | B44: GĐ5: Database & dữ liệu nhạc | C44: Tìm kiếm & Khám phá | D44: Tìm kiếm FULLTEXT theo bài/nghệ sĩ/album + gợi ý khi gõ | E44: Nhật | F44: API | G44: Medium | H44: 20 | I44: 21 | J44: =IF(OR(H44="",I44=""),"",(I44-H44+1)*5) -> 10 | K44: To Do | L44: 0 | M44: Search API | O44: =IF(H44="","",CFG_Start+(H44-1)*7) -> 46440 | P44: =IF(I44="","",CFG_Start+I44*7-1) -> 46453 | Q44: =IF(D44="","",IF(K44="Done","✔ Xong",IF(K44="Blocked","⛔ Blocked",IF(P44<TODAY(),"⚠ Trễ hạn",IF(O44<=TODAY(),"▶ Trong kỳ","Chưa tới"))))) -> Chưa tới | R44: =IF(J44="",0,J44*IF(K44="Done",1,IF(L44="",0,L44))) -> 0
A45: 5.7 | B45: GĐ5: Database & dữ liệu nhạc | C45: Tìm kiếm & Khám phá | D45: Trang Thể loại & Khám phá dùng dữ liệu thật | E45: Nhật | F45: FE | G45: Medium | H45: 21 | I45: 21 | J45: =IF(OR(H45="",I45=""),"",(I45-H45+1)*5) -> 5 | K45: To Do | L45: 0 | M45: Explore page | O45: =IF(H45="","",CFG_Start+(H45-1)*7) -> 46447 | P45: =IF(I45="","",CFG_Start+I45*7-1) -> 46453 | Q45: =IF(D45="","",IF(K45="Done","✔ Xong",IF(K45="Blocked","⛔ Blocked",IF(P45<TODAY(),"⚠ Trễ hạn",IF(O45<=TODAY(),"▶ Trong kỳ","Chưa tới"))))) -> Chưa tới | R45: =IF(J45="",0,J45*IF(K45="Done",1,IF(L45="",0,L45))) -> 0
A46: 5.8 | B46: GĐ5: Database & dữ liệu nhạc | C46: Nền tảng & Hạ tầng | D46: Kiểm thử tích hợp FE–BE–DB; Release Alpha nội bộ | E46: Nhật | F46: Testing | G46: High | H46: 21 | I46: 21 | J46: =IF(OR(H46="",I46=""),"",(I46-H46+1)*5) -> 5 | K46: To Do | L46: 0 | M46: Bản Alpha | N46: Milestone Alpha | O46: =IF(H46="","",CFG_Start+(H46-1)*7) -> 46447 | P46: =IF(I46="","",CFG_Start+I46*7-1) -> 46453 | Q46: =IF(D46="","",IF(K46="Done","✔ Xong",IF(K46="Blocked","⛔ Blocked",IF(P46<TODAY(),"⚠ Trễ hạn",IF(O46<=TODAY(),"▶ Trong kỳ","Chưa tới"))))) -> Chưa tới | R46: =IF(J46="",0,J46*IF(K46="Done",1,IF(L46="",0,L46))) -> 0
A47: 6.1 | B47: GĐ6: Tài khoản & thư viện cá nhân | C47: Xác thực & Người dùng | D47: Học bcrypt, JWT (access/refresh), httpOnly cookie | E47: Nhật | F47: Học tập | G47: High | H47: 22 | I47: 22 | J47: =IF(OR(H47="",I47=""),"",(I47-H47+1)*5) -> 5 | K47: To Do | L47: 0 | M47: Ghi chú | N47: OWASP Auth Cheat Sheet | O47: =IF(H47="","",CFG_Start+(H47-1)*7) -> 46454 | P47: =IF(I47="","",CFG_Start+I47*7-1) -> 46460 | Q47: =IF(D47="","",IF(K47="Done","✔ Xong",IF(K47="Blocked","⛔ Blocked",IF(P47<TODAY(),"⚠ Trễ hạn",IF(O47<=TODAY(),"▶ Trong kỳ","Chưa tới"))))) -> Chưa tới | R47: =IF(J47="",0,J47*IF(K47="Done",1,IF(L47="",0,L47))) -> 0
A48: 6.2 | B48: GĐ6: Tài khoản & thư viện cá nhân | C48: Xác thực & Người dùng | D48: API đăng ký, đăng nhập, refresh, đăng xuất, quên mật khẩu (OTP email) | E48: Nhật | F48: API | G48: High | H48: 22 | I48: 23 | J48: =IF(OR(H48="",I48=""),"",(I48-H48+1)*5) -> 10 | K48: To Do | L48: 0 | M48: Auth API | O48: =IF(H48="","",CFG_Start+(H48-1)*7) -> 46454 | P48: =IF(I48="","",CFG_Start+I48*7-1) -> 46467 | Q48: =IF(D48="","",IF(K48="Done","✔ Xong",IF(K48="Blocked","⛔ Blocked",IF(P48<TODAY(),"⚠ Trễ hạn",IF(O48<=TODAY(),"▶ Trong kỳ","Chưa tới"))))) -> Chưa tới | R48: =IF(J48="",0,J48*IF(K48="Done",1,IF(L48="",0,L48))) -> 0
A49: 6.3 | B49: GĐ6: Tài khoản & thư viện cá nhân | C49: Xác thực & Người dùng | D49: Middleware xác thực + phân quyền User/Artist/Admin; validate Zod | E49: Nhật | F49: BE | G49: High | H49: 22 | I49: 23 | J49: =IF(OR(H49="",I49=""),"",(I49-H49+1)*5) -> 10 | K49: To Do | L49: 0 | M49: authGuard, roleGuard | O49: =IF(H49="","",CFG_Start+(H49-1)*7) -> 46454 | P49: =IF(I49="","",CFG_Start+I49*7-1) -> 46467 | Q49: =IF(D49="","",IF(K49="Done","✔ Xong",IF(K49="Blocked","⛔ Blocked",IF(P49<TODAY(),"⚠ Trễ hạn",IF(O49<=TODAY(),"▶ Trong kỳ","Chưa tới"))))) -> Chưa tới | R49: =IF(J49="",0,J49*IF(K49="Done",1,IF(L49="",0,L49))) -> 0
A50: 6.4 | B50: GĐ6: Tài khoản & thư viện cá nhân | C50: Xác thực & Người dùng | D50: Trang đăng ký/đăng nhập/hồ sơ; upload avatar (Multer) | E50: Nhật | F50: FE | G50: High | H50: 23 | I50: 23 | J50: =IF(OR(H50="",I50=""),"",(I50-H50+1)*5) -> 5 | K50: To Do | L50: 0 | M50: Auth UI | O50: =IF(H50="","",CFG_Start+(H50-1)*7) -> 46461 | P50: =IF(I50="","",CFG_Start+I50*7-1) -> 46467 | Q50: =IF(D50="","",IF(K50="Done","✔ Xong",IF(K50="Blocked","⛔ Blocked",IF(P50<TODAY(),"⚠ Trễ hạn",IF(O50<=TODAY(),"▶ Trong kỳ","Chưa tới"))))) -> Chưa tới | R50: =IF(J50="",0,J50*IF(K50="Done",1,IF(L50="",0,L50))) -> 0
A51: 6.5 | B51: GĐ6: Tài khoản & thư viện cá nhân | C51: Playlist | D51: API Playlist: tạo/sửa/xóa, thêm/xóa/sắp xếp bài, ảnh bìa | E51: Nhật | F51: API | G51: High | H51: 23 | I51: 24 | J51: =IF(OR(H51="",I51=""),"",(I51-H51+1)*5) -> 10 | K51: To Do | L51: 0 | M51: Playlist API | O51: =IF(H51="","",CFG_Start+(H51-1)*7) -> 46461 | P51: =IF(I51="","",CFG_Start+I51*7-1) -> 46474 | Q51: =IF(D51="","",IF(K51="Done","✔ Xong",IF(K51="Blocked","⛔ Blocked",IF(P51<TODAY(),"⚠ Trễ hạn",IF(O51<=TODAY(),"▶ Trong kỳ","Chưa tới"))))) -> Chưa tới | R51: =IF(J51="",0,J51*IF(K51="Done",1,IF(L51="",0,L51))) -> 0
A52: 6.6 | B52: GĐ6: Tài khoản & thư viện cá nhân | C52: Playlist | D52: UI Playlist: tạo, thêm bài từ menu ⋯, kéo-thả sắp xếp | E52: Nhật | F52: FE | G52: High | H52: 24 | I52: 24 | J52: =IF(OR(H52="",I52=""),"",(I52-H52+1)*5) -> 5 | K52: To Do | L52: 0 | M52: Playlist UI | O52: =IF(H52="","",CFG_Start+(H52-1)*7) -> 46468 | P52: =IF(I52="","",CFG_Start+I52*7-1) -> 46474 | Q52: =IF(D52="","",IF(K52="Done","✔ Xong",IF(K52="Blocked","⛔ Blocked",IF(P52<TODAY(),"⚠ Trễ hạn",IF(O52<=TODAY(),"▶ Trong kỳ","Chưa tới"))))) -> Chưa tới | R52: =IF(J52="",0,J52*IF(K52="Done",1,IF(L52="",0,L52))) -> 0
A53: 6.7 | B53: GĐ6: Tài khoản & thư viện cá nhân | C53: Thư viện cá nhân | D53: Yêu thích bài/album, theo dõi nghệ sĩ; trang Thư viện | E53: Nhật | F53: FE | G53: Medium | H53: 24 | I53: 24 | J53: =IF(OR(H53="",I53=""),"",(I53-H53+1)*5) -> 5 | K53: To Do | L53: 0 | M53: Library page | O53: =IF(H53="","",CFG_Start+(H53-1)*7) -> 46468 | P53: =IF(I53="","",CFG_Start+I53*7-1) -> 46474 | Q53: =IF(D53="","",IF(K53="Done","✔ Xong",IF(K53="Blocked","⛔ Blocked",IF(P53<TODAY(),"⚠ Trễ hạn",IF(O53<=TODAY(),"▶ Trong kỳ","Chưa tới"))))) -> Chưa tới | R53: =IF(J53="",0,J53*IF(K53="Done",1,IF(L53="",0,L53))) -> 0
A54: 6.8 | B54: GĐ6: Tài khoản & thư viện cá nhân | C54: Thư viện cá nhân | D54: Ghi lịch sử nghe + trang Nghe gần đây | E54: Nhật | F54: API | G54: Medium | H54: 24 | I54: 24 | J54: =IF(OR(H54="",I54=""),"",(I54-H54+1)*5) -> 5 | K54: To Do | L54: 0 | M54: History API + UI | O54: =IF(H54="","",CFG_Start+(H54-1)*7) -> 46468 | P54: =IF(I54="","",CFG_Start+I54*7-1) -> 46474 | Q54: =IF(D54="","",IF(K54="Done","✔ Xong",IF(K54="Blocked","⛔ Blocked",IF(P54<TODAY(),"⚠ Trễ hạn",IF(O54<=TODAY(),"▶ Trong kỳ","Chưa tới"))))) -> Chưa tới | R54: =IF(J54="",0,J54*IF(K54="Done",1,IF(L54="",0,L54))) -> 0
A55: 6.9 | B55: GĐ6: Tài khoản & thư viện cá nhân | C55: Xác thực & Người dùng | D55: Kiểm thử bảo mật auth: token hết hạn, truy cập trái quyền → 401/403 | E55: Nhật | F55: Testing | G55: High | H55: 24 | I55: 24 | J55: =IF(OR(H55="",I55=""),"",(I55-H55+1)*5) -> 5 | K55: To Do | L55: 0 | M55: Test report | O55: =IF(H55="","",CFG_Start+(H55-1)*7) -> 46468 | P55: =IF(I55="","",CFG_Start+I55*7-1) -> 46474 | Q55: =IF(D55="","",IF(K55="Done","✔ Xong",IF(K55="Blocked","⛔ Blocked",IF(P55<TODAY(),"⚠ Trễ hạn",IF(O55<=TODAY(),"▶ Trong kỳ","Chưa tới"))))) -> Chưa tới | R55: =IF(J55="",0,J55*IF(K55="Done",1,IF(L55="",0,L55))) -> 0
A56: 7.1 | B56: GĐ7: Cloud, Admin & Artist Panel | C56: Streaming & Lưu trữ | D56: Học & cấu hình Cloudflare R2 / S3, presigned URL | E56: Nhật | F56: Học tập | G56: High | H56: 25 | I56: 25 | J56: =IF(OR(H56="",I56=""),"",(I56-H56+1)*5) -> 5 | K56: To Do | L56: 0 | M56: Bucket + key | O56: =IF(H56="","",CFG_Start+(H56-1)*7) -> 46475 | P56: =IF(I56="","",CFG_Start+I56*7-1) -> 46481 | Q56: =IF(D56="","",IF(K56="Done","✔ Xong",IF(K56="Blocked","⛔ Blocked",IF(P56<TODAY(),"⚠ Trễ hạn",IF(O56<=TODAY(),"▶ Trong kỳ","Chưa tới"))))) -> Chưa tới | R56: =IF(J56="",0,J56*IF(K56="Done",1,IF(L56="",0,L56))) -> 0
A57: 7.2 | B57: GĐ7: Cloud, Admin & Artist Panel | C57: Streaming & Lưu trữ | D57: Chuyển mp3 + ảnh bìa lên R2; DB chỉ lưu object key | E57: Nhật | F57: BE | G57: High | H57: 25 | I57: 26 | J57: =IF(OR(H57="",I57=""),"",(I57-H57+1)*5) -> 10 | K57: To Do | L57: 0 | M57: Storage service | O57: =IF(H57="","",CFG_Start+(H57-1)*7) -> 46475 | P57: =IF(I57="","",CFG_Start+I57*7-1) -> 46488 | Q57: =IF(D57="","",IF(K57="Done","✔ Xong",IF(K57="Blocked","⛔ Blocked",IF(P57<TODAY(),"⚠ Trễ hạn",IF(O57<=TODAY(),"▶ Trong kỳ","Chưa tới"))))) -> Chưa tới | R57: =IF(J57="",0,J57*IF(K57="Done",1,IF(L57="",0,L57))) -> 0
A58: 7.3 | B58: GĐ7: Cloud, Admin & Artist Panel | C58: Streaming & Lưu trữ | D58: FFmpeg: lấy thời lượng, nén 128/320 kbps | E58: Nhật | F58: BE | G58: Medium | H58: 26 | I58: 26 | J58: =IF(OR(H58="",I58=""),"",(I58-H58+1)*5) -> 5 | K58: To Do | L58: 0 | M58: Audio pipeline | O58: =IF(H58="","",CFG_Start+(H58-1)*7) -> 46482 | P58: =IF(I58="","",CFG_Start+I58*7-1) -> 46488 | Q58: =IF(D58="","",IF(K58="Done","✔ Xong",IF(K58="Blocked","⛔ Blocked",IF(P58<TODAY(),"⚠ Trễ hạn",IF(O58<=TODAY(),"▶ Trong kỳ","Chưa tới"))))) -> Chưa tới | R58: =IF(J58="",0,J58*IF(K58="Done",1,IF(L58="",0,L58))) -> 0
A59: 7.4 | B59: GĐ7: Cloud, Admin & Artist Panel | C59: Admin / Artist Panel | D59: Admin Panel: quản lý bài hát, album, nghệ sĩ, thể loại, người dùng | E59: Nhật | F59: FE | G59: High | H59: 26 | I59: 27 | J59: =IF(OR(H59="",I59=""),"",(I59-H59+1)*5) -> 10 | K59: To Do | L59: 0 | M59: Admin UI | O59: =IF(H59="","",CFG_Start+(H59-1)*7) -> 46482 | P59: =IF(I59="","",CFG_Start+I59*7-1) -> 46495 | Q59: =IF(D59="","",IF(K59="Done","✔ Xong",IF(K59="Blocked","⛔ Blocked",IF(P59<TODAY(),"⚠ Trễ hạn",IF(O59<=TODAY(),"▶ Trong kỳ","Chưa tới"))))) -> Chưa tới | R59: =IF(J59="",0,J59*IF(K59="Done",1,IF(L59="",0,L59))) -> 0
... A61: 7.6 | B61: GĐ7: Cloud, Admin & Artist Panel | C61: Admin / Artist Panel | D61: API duyệt/ẩn bài vi phạm + nhật ký kiểm duyệt | E61: Nhật | F61: API | G61: Medium | H61: 27 | I61: 27 | J61: =IF(OR(H61="",I61=""),"",(I61-H61+1)*5) -> 5 | K61: To Do | L61: 0 | M61: Moderation API | O61: =IF(H61="","",CFG_Start+(H61-1)*7) -> 46489 | P61: =IF(I61="","",CFG_Start+I61*7-1) -> 46495 | Q61: =IF(D61="","",IF(K61="Done","✔ Xong",IF(K61="Blocked","⛔ Blocked",IF(P61<TODAY(),"⚠ Trễ hạn",IF(O61<=TODAY(),"▶ Trong kỳ","Chưa tới"))))) -> Chưa tới | R61: =IF(J61="",0,J61*IF(K61="Done",1,IF(L61="",0,L61))) -> 0
A62: 7.7 | B62: GĐ7: Cloud, Admin & Artist Panel | C62: Nền tảng & Hạ tầng | D62: Beta test với 5–10 người dùng thật, thu phản hồi vào sheet 04 | E62: Nhật | F62: Testing | G62: High | H62: 27 | I62: 27 | J62: =IF(OR(H62="",I62=""),"",(I62-H62+1)*5) -> 5 | K62: To Do | L62: 0 | M62: Bản Beta + feedback | N62: Milestone Beta | O62: =IF(H62="","",CFG_Start+(H62-1)*7) -> 46489 | P62: =IF(I62="","",CFG_Start+I62*7-1) -> 46495 | Q62: =IF(D62="","",IF(K62="Done","✔ Xong",IF(K62="Blocked","⛔ Blocked",IF(P62<TODAY(),"⚠ Trễ hạn",IF(O62<=TODAY(),"▶ Trong kỳ","Chưa tới"))))) -> Chưa tới | R62: =IF(J62="",0,J62*IF(K62="Done",1,IF(L62="",0,L62))) -> 0
A63: 8.1 | B63: GĐ8: Offline PWA & lời bài hát | C63: Offline & Tải xuống | D63: Học PWA: manifest, Service Worker, Cache API, IndexedDB, storage quota | E63: Nhật | F63: Học tập | G63: High | H63: 28 | I63: 28 | J63: =IF(OR(H63="",I63=""),"",(I63-H63+1)*5) -> 5 | K63: To Do | L63: 0 | M63: Ghi chú | N63: web.dev Learn PWA | O63: =IF(H63="","",CFG_Start+(H63-1)*7) -> 46496 | P63: =IF(I63="","",CFG_Start+I63*7-1) -> 46502 | Q63: =IF(D63="","",IF(K63="Done","✔ Xong",IF(K63="Blocked","⛔ Blocked",IF(P63<TODAY(),"⚠ Trễ hạn",IF(O63<=TODAY(),"▶ Trong kỳ","Chưa tới"))))) -> Chưa tới | R63: =IF(J63="",0,J63*IF(K63="Done",1,IF(L63="",0,L63))) -> 0
A64: 8.2 | B64: GĐ8: Offline PWA & lời bài hát | C64: Offline & Tải xuống | D64: Cấu hình vite-plugin-pwa (Workbox); cài app lên màn hình chính | E64: Nhật | F64: FE | G64: High | H64: 28 | I64: 28 | J64: =IF(OR(H64="",I64=""),"",(I64-H64+1)*5) -> 5 | K64: To Do | L64: 0 | M64: Installable PWA | O64: =IF(H64="","",CFG_Start+(H64-1)*7) -> 46496 | P64: =IF(I64="","",CFG_Start+I64*7-1) -> 46502 | Q64: =IF(D64="","",IF(K64="Done","✔ Xong",IF(K64="Blocked","⛔ Blocked",IF(P64<TODAY(),"⚠ Trễ hạn",IF(O64<=TODAY(),"▶ Trong kỳ","Chưa tới"))))) -> Chưa tới | R64: =IF(J64="",0,J64*IF(K64="Done",1,IF(L64="",0,L64))) -> 0
A65: 8.3 | B65: GĐ8: Offline PWA & lời bài hát | C65: Offline & Tải xuống | D65: Nút Tải xuống bài/playlist: lưu audio vào Cache/IndexedDB (chỉ bài license cho phép) | E65: Nhật | F65: FE | G65: High | H65: 28 | I65: 29 | J65: =IF(OR(H65="",I65=""),"",(I65-H65+1)*5) -> 10 | K65: To Do | L65: 0 | M65: Download manager | O65: =IF(H65="","",CFG_Start+(H65-1)*7) -> 46496 | P65: =IF(I65="","",CFG_Start+I65*7-1) -> 46509 | Q65: =IF(D65="","",IF(K65="Done","✔ Xong",IF(K65="Blocked","⛔ Blocked",IF(P65<TODAY(),"⚠ Trễ hạn",IF(O65<=TODAY(),"▶ Trong kỳ","Chưa tới"))))) -> Chưa tới | R65: =IF(J65="",0,J65*IF(K65="Done",1,IF(L65="",0,L65))) -> 0
A66: 8.4 | B66: GĐ8: Offline PWA & lời bài hát | C66: Offline & Tải xuống | D66: Trang Đã tải xuống: dung lượng đã dùng, xóa bản tải | E66: Nhật | F66: FE | G66: Medium | H66: 29 | I66: 29 | J66: =IF(OR(H66="",I66=""),"",(I66-H66+1)*5) -> 5 | K66: To Do | L66: 0 | M66: Downloads page | O66: =IF(H66="","",CFG_Start+(H66-1)*7) -> 46503 | P66: =IF(I66="","",CFG_Start+I66*7-1) -> 46509 | Q66: =IF(D66="","",IF(K66="Done","✔ Xong",IF(K66="Blocked","⛔ Blocked",IF(P66<TODAY(),"⚠ Trễ hạn",IF(O66<=TODAY(),"▶ Trong kỳ","Chưa tới"))))) -> Chưa tới | R66: =IF(J66="",0,J66*IF(K66="Done",1,IF(L66="",0,L66))) -> 0
A67: 8.5 | B67: GĐ8: Offline PWA & lời bài hát | C67: Offline & Tải xuống | D67: Tự phát bản offline khi mất mạng; banner trạng thái mạng | E67: Nhật | F67: FE | G67: High | H67: 29 | I67: 30 | J67: =IF(OR(H67="",I67=""),"",(I67-H67+1)*5) -> 10 | K67: To Do | L67: 0 | M67: Offline playback | O67: =IF(H67="","",CFG_Start+(H67-1)*7) -> 46503 | P67: =IF(I67="","",CFG_Start+I67*7-1) -> 46516 | Q67: =IF(D67="","",IF(K67="Done","✔ Xong",IF(K67="Blocked","⛔ Blocked",IF(P67<TODAY(),"⚠ Trễ hạn",IF(O67<=TODAY(),"▶ Trong kỳ","Chưa tới"))))) -> Chưa tới | R67: =IF(J67="",0,J67*IF(K67="Done",1,IF(L67="",0,L67))) -> 0
A68: 8.6 | B68: GĐ8: Offline PWA & lời bài hát | C68: Lời bài hát / Karaoke | D68: Lưu lyric dạng .lrc; API GET /lyrics/:songId | E68: Nhật | F68: API | G68: Medium | H68: 29 | I68: 29 | J68: =IF(OR(H68="",I68=""),"",(I68-H68+1)*5) -> 5 | K68: To Do | L68: 0 | M68: Lyrics API | O68: =IF(H68="","",CFG_Start+(H68-1)*7) -> 46503 | P68: =IF(I68="","",CFG_Start+I68*7-1) -> 46509 | Q68: =IF(D68="","",IF(K68="Done","✔ Xong",IF(K68="Blocked","⛔ Blocked",IF(P68<TODAY(),"⚠ Trễ hạn",IF(O68<=TODAY(),"▶ Trong kỳ","Chưa tới"))))) -> Chưa tới | R68: =IF(J68="",0,J68*IF(K68="Done",1,IF(L68="",0,L68))) -> 0
A69: 8.7 | B69: GĐ8: Offline PWA & lời bài hát | C69: Lời bài hát / Karaoke | D69: Lời đồng bộ: tô sáng dòng đang hát (karaoke), tự cuộn, bấm dòng để tua | E69: Nhật | F69: FE | G69: Medium | H69: 30 | I69: 30 | J69: =IF(OR(H69="",I69=""),"",(I69-H69+1)*5) -> 5 | K69: To Do | L69: 0 | M69: Lyrics view | O69: =IF(H69="","",CFG_Start+(H69-1)*7) -> 46510 | P69: =IF(I69="","",CFG_Start+I69*7-1) -> 46516 | Q69: =IF(D69="","",IF(K69="Done","✔ Xong",IF(K69="Blocked","⛔ Blocked",IF(P69<TODAY(),"⚠ Trễ hạn",IF(O69<=TODAY(),"▶ Trong kỳ","Chưa tới"))))) -> Chưa tới | R69: =IF(J69="",0,J69*IF(K69="Done",1,IF(L69="",0,L69))) -> 0
A70: 8.8 | B70: GĐ8: Offline PWA & lời bài hát | C70: Offline & Tải xuống | D70: Kiểm thử chế độ máy bay trên Android, iOS, desktop | E70: Nhật | F70: Testing | G70: High | H70: 30 | I70: 30 | J70: =IF(OR(H70="",I70=""),"",(I70-H70+1)*5) -> 5 | K70: To Do | L70: 0 | M70: Test report | O70: =IF(H70="","",CFG_Start+(H70-1)*7) -> 46510 | P70: =IF(I70="","",CFG_Start+I70*7-1) -> 46516 | Q70: =IF(D70="","",IF(K70="Done","✔ Xong",IF(K70="Blocked","⛔ Blocked",IF(P70<TODAY(),"⚠ Trễ hạn",IF(O70<=TODAY(),"▶ Trong kỳ","Chưa tới"))))) -> Chưa tới | R70: =IF(J70="",0,J70*IF(K70="Done",1,IF(L70="",0,L70))) -> 0
A71: 9.1 | B71: GĐ9: Bảo mật, triển khai & Release | C71: Triển khai & DevOps | D71: Học Docker, deploy, CI/CD | E71: Nhật | F71: Học tập | G71: Medium | H71: 31 | I71: 31 | J71: =IF(OR(H71="",I71=""),"",(I71-H71+1)*5) -> 5 | K71: To Do | L71: 0 | M71: Ghi chú | O71: =IF(H71="","",CFG_Start+(H71-1)*7) -> 46517 | P71: =IF(I71="","",CFG_Start+I71*7-1) -> 46523 | Q71: =IF(D71="","",IF(K71="Done","✔ Xong",IF(K71="Blocked","⛔ Blocked",IF(P71<TODAY(),"⚠ Trễ hạn",IF(O71<=TODAY(),"▶ Trong kỳ","Chưa tới"))))) -> Chưa tới | R71: =IF(J71="",0,J71*IF(K71="Done",1,IF(L71="",0,L71))) -> 0
A72: 9.2 | B72: GĐ9: Bảo mật, triển khai & Release | C72: Triển khai & DevOps | D72: Bảo mật: helmet, rate limit, CORS whitelist, chống XSS/SQL injection | E72: Nhật | F72: BE | G72: High | H72: 31 | I72: 31 | J72: =IF(OR(H72="",I72=""),"",(I72-H72+1)*5) -> 5 | K72: To Do | L72: 0 | M72: Security checklist | N72: OWASP Top 10 | O72: =IF(H72="","",CFG_Start+(H72-1)*7) -> 46517 | P72: =IF(I72="","",CFG_Start+I72*7-1) -> 46523 | Q72: =IF(D72="","",IF(K72="Done","✔ Xong",IF(K72="Blocked","⛔ Blocked",IF(P72<TODAY(),"⚠ Trễ hạn",IF(O72<=TODAY(),"▶ Trong kỳ","Chưa tới"))))) -> Chưa tới | R72: =IF(J72="",0,J72*IF(K72="Done",1,IF(L72="",0,L72))) -> 0
A73: 9.3 | B73: GĐ9: Bảo mật, triển khai & Release | C73: Thống kê & Xếp hạng | D73: Đếm lượt nghe + bảng xếp hạng tuần (cache Redis) | E73: Nhật | F73: BE | G73: Medium | H73: 31 | I73: 32 | J73: =IF(OR(H73="",I73=""),"",(I73-H73+1)*5) -> 10 | K73: To Do | L73: 0 | M73: Charts API | O73: =IF(H73="","",CFG_Start+(H73-1)*7) -> 46517 | P73: =IF(I73="","",CFG_Start+I73*7-1) -> 46530 | Q73: =IF(D73="","",IF(K73="Done","✔ Xong",IF(K73="Blocked","⛔ Blocked",IF(P73<TODAY(),"⚠ Trễ hạn",IF(O73<=TODAY(),"▶ Trong kỳ","Chưa tới"))))) -> Chưa tới | R73: =IF(J73="",0,J73*IF(K73="Done",1,IF(L73="",0,L73))) -> 0
A74: 9.4 | B74: GĐ9: Bảo mật, triển khai & Release | C74: Thống kê & Xếp hạng | D74: Trang Bảng xếp hạng + gợi ý theo thể loại hay nghe | E74: Nhật | F74: FE | G74: Low | H74: 32 | I74: 32 | J74: =IF(OR(H74="",I74=""),"",(I74-H74+1)*5) -> 5 | K74: To Do | L74: 0 | M74: Charts page | O74: =IF(H74="","",CFG_Start+(H74-1)*7) -> 46524 | P74: =IF(I74="","",CFG_Start+I74*7-1) -> 46530 | Q74: =IF(D74="","",IF(K74="Done","✔ Xong",IF(K74="Blocked","⛔ Blocked",IF(P74<TODAY(),"⚠ Trễ hạn",IF(O74<=TODAY(),"▶ Trong kỳ","Chưa tới"))))) -> Chưa tới | R74: =IF(J74="",0,J74*IF(K74="Done",1,IF(L74="",0,L74))) -> 0
A75: 9.5 | B75: GĐ9: Bảo mật, triển khai & Release | C75: Thống kê & Xếp hạng | D75: Admin dashboard: lượt nghe, người dùng mới, top bài | E75: Nhật | F75: FE | G75: Low | H75: 32 | I75: 33 | J75: =IF(OR(H75="",I75=""),"",(I75-H75+1)*5) -> 10 | K75: To Do | L75: 0 | M75: Admin analytics | O75: =IF(H75="","",CFG_Start+(H75-1)*7) -> 46524 | P75: =IF(I75="","",CFG_Start+I75*7-1) -> 46537 | Q75: =IF(D75="","",IF(K75="Done","✔ Xong",IF(K75="Blocked","⛔ Blocked",IF(P75<TODAY(),"⚠ Trễ hạn",IF(O75<=TODAY(),"▶ Trong kỳ","Chưa tới"))))) -> Chưa tới | R75: =IF(J75="",0,J75*IF(K75="Done",1,IF(L75="",0,L75))) -> 0
A76: 9.6 | B76: GĐ9: Bảo mật, triển khai & Release | C76: Triển khai & DevOps | D76: Docker hóa app + MySQL + Redis (docker-compose) | E76: Nhật | F76: DevOps | G76: Medium | H76: 32 | I76: 33 | J76: =IF(OR(H76="",I76=""),"",(I76-H76+1)*5) -> 10 | K76: To Do | L76: 0 | M76: docker-compose.yml | O76: =IF(H76="","",CFG_Start+(H76-1)*7) -> 46524 | P76: =IF(I76="","",CFG_Start+I76*7-1) -> 46537 | Q76: =IF(D76="","",IF(K76="Done","✔ Xong",IF(K76="Blocked","⛔ Blocked",IF(P76<TODAY(),"⚠ Trễ hạn",IF(O76<=TODAY(),"▶ Trong kỳ","Chưa tới"))))) -> Chưa tới | R76: =IF(J76="",0,J76*IF(K76="Done",1,IF(L76="",0,L76))) -> 0
A77: 9.7 | B77: GĐ9: Bảo mật, triển khai & Release | C77: Triển khai & DevOps | D77: Deploy FE Vercel, BE Render/Railway, DB cloud; tên miền + HTTPS | E77: Nhật | F77: DevOps | G77: High | H77: 33 | I77: 33 | J77: =IF(OR(H77="",I77=""),"",(I77-H77+1)*5) -> 5 | K77: To Do | L77: 0 | M77: Link công khai | O77: =IF(H77="","",CFG_Start+(H77-1)*7) -> 46531 | P77: =IF(I77="","",CFG_Start+I77*7-1) -> 46537 | Q77: =IF(D77="","",IF(K77="Done","✔ Xong",IF(K77="Blocked","⛔ Blocked",IF(P77<TODAY(),"⚠ Trễ hạn",IF(O77<=TODAY(),"▶ Trong kỳ","Chưa tới"))))) -> Chưa tới | R77: =IF(J77="",0,J77*IF(K77="Done",1,IF(L77="",0,L77))) -> 0
A78: 9.8 | B78: GĐ9: Bảo mật, triển khai & Release | C78: Triển khai & DevOps | D78: GitHub Actions: lint, test, tự deploy | E78: Nhật | F78: DevOps | G78: Medium | H78: 33 | I78: 34 | J78: =IF(OR(H78="",I78=""),"",(I78-H78+1)*5) -> 10 | K78: To Do | L78: 0 | M78: CI/CD pipeline | O78: =IF(H78="","",CFG_Start+(H78-1)*7) -> 46531 | P78: =IF(I78="","",CFG_Start+I78*7-1) -> 46544 | Q78: =IF(D78="","",IF(K78="Done","✔ Xong",IF(K78="Blocked","⛔ Blocked",IF(P78<TODAY(),"⚠ Trễ hạn",IF(O78<=TODAY(),"▶ Trong kỳ","Chưa tới"))))) -> Chưa tới | R78: =IF(J78="",0,J78*IF(K78="Done",1,IF(L78="",0,L78))) -> 0
A79: 9.9 | B79: GĐ9: Bảo mật, triển khai & Release | C79: Triển khai & DevOps | D79: Kiểm thử hồi quy toàn hệ thống, sửa lỗi tồn đọng | E79: Nhật | F79: Testing | G79: High | H79: 34 | I79: 34 | J79: =IF(OR(H79="",I79=""),"",(I79-H79+1)*5) -> 5 | K79: To Do | L79: 0 | M79: Bug list = 0 High | O79: =IF(H79="","",CFG_Start+(H79-1)*7) -> 46538 | P79: =IF(I79="","",CFG_Start+I79*7-1) -> 46544 | Q79: =IF(D79="","",IF(K79="Done","✔ Xong",IF(K79="Blocked","⛔ Blocked",IF(P79<TODAY(),"⚠ Trễ hạn",IF(O79<=TODAY(),"▶ Trong kỳ","Chưa tới"))))) -> Chưa tới | R79: =IF(J79="",0,J79*IF(K79="Done",1,IF(L79="",0,L79))) -> 0
A80: 9.10 | B80: GĐ9: Bảo mật, triển khai & Release | C80: Triển khai & DevOps | D80: README, ảnh chụp, video demo; Release Production | E80: Nhật | F80: Docs | G80: High | H80: 34 | I80: 34 | J80: =IF(OR(H80="",I80=""),"",(I80-H80+1)*5) -> 5 | K80: To Do | L80: 0 | M80: Bản Production | N80: Milestone Production | O80: =IF(H80="","",CFG_Start+(H80-1)*7) -> 46538 | P80: =IF(I80="","",CFG_Start+I80*7-1) -> 46544 | Q80: =IF(D80="","",IF(K80="Done","✔ Xong",IF(K80="Blocked","⛔ Blocked",IF(P80<TODAY(),"⚠ Trễ hạn",IF(O80<=TODAY(),"▶ Trong kỳ","Chưa tới"))))) -> Chưa tới | R80: =IF(J80="",0,J80*IF(K80="Done",1,IF(L80="",0,L80))) -> 0
J81: =IF(OR(H81="",I81=""),"",(I81-H81+1)*5) | O81: =IF(H81="","",CFG_Start+(H81-1)*7) | P81: =IF(I81="","",CFG_Start+I81*7-1) | Q81: =IF(D81="","",IF(K81="Done","✔ Xong",IF(K81="Blocked","⛔ Blocked",IF(P81<TODAY(),"⚠ Trễ hạn",IF(O81<=TODAY(),"▶ Trong kỳ","Chưa tới"))))) | R81: =IF(J81="",0,J81*IF(K81="Done",1,IF(L81="",0,L81))) -> 0
J82: =IF(OR(H82="",I82=""),"",(I82-H82+1)*5) | O82: =IF(H82="","",CFG_Start+(H82-1)*7) | P82: =IF(I82="","",CFG_Start+I82*7-1) | Q82: =IF(D82="","",IF(K82="Done","✔ Xong",IF(K82="Blocked","⛔ Blocked",IF(P82<TODAY(),"⚠ Trễ hạn",IF(O82<=TODAY(),"▶ Trong kỳ","Chưa tới"))))) | R82: =IF(J82="",0,J82*IF(K82="Done",1,IF(L82="",0,L82))) -> 0
J83: =IF(OR(H83="",I83=""),"",(I83-H83+1)*5) | O83: =IF(H83="","",CFG_Start+(H83-1)*7) | P83: =IF(I83="","",CFG_Start+I83*7-1) | Q83: =IF(D83="","",IF(K83="Done","✔ Xong",IF(K83="Blocked","⛔ Blocked",IF(P83<TODAY(),"⚠ Trễ hạn",IF(O83<=TODAY(),"▶ Trong kỳ","Chưa tới"))))) | R83: =IF(J83="",0,J83*IF(K83="Done",1,IF(L83="",0,L83))) -> 0
J84: =IF(OR(H84="",I84=""),"",(I84-H84+1)*5) | O84: =IF(H84="","",CFG_Start+(H84-1)*7) | P84: =IF(I84="","",CFG_Start+I84*7-1) | Q84: =IF(D84="","",IF(K84="Done","✔ Xong",IF(K84="Blocked","⛔ Blocked",IF(P84<TODAY(),"⚠ Trễ hạn",IF(O84<=TODAY(),"▶ Trong kỳ","Chưa tới"))))) | R84: =IF(J84="",0,J84*IF(K84="Done",1,IF(L84="",0,L84))) -> 0
J85: =IF(OR(H85="",I85=""),"",(I85-H85+1)*5) | O85: =IF(H85="","",CFG_Start+(H85-1)*7) | P85: =IF(I85="","",CFG_Start+I85*7-1) | Q85: =IF(D85="","",IF(K85="Done","✔ Xong",IF(K85="Blocked","⛔ Blocked",IF(P85<TODAY(),"⚠ Trễ hạn",IF(O85<=TODAY(),"▶ Trong kỳ","Chưa tới"))))) | R85: =IF(J85="",0,J85*IF(K85="Done",1,IF(L85="",0,L85))) -> 0
J86: =IF(OR(H86="",I86=""),"",(I86-H86+1)*5) | O86: =IF(H86="","",CFG_Start+(H86-1)*7) | P86: =IF(I86="","",CFG_Start+I86*7-1) | Q86: =IF(D86="","",IF(K86="Done","✔ Xong",IF(K86="Blocked","⛔ Blocked",IF(P86<TODAY(),"⚠ Trễ hạn",IF(O86<=TODAY(),"▶ Trong kỳ","Chưa tới"))))) | R86: =IF(J86="",0,J86*IF(K86="Done",1,IF(L86="",0,L86))) -> 0
J87: =IF(OR(H87="",I87=""),"",(I87-H87+1)*5) | O87: =IF(H87="","",CFG_Start+(H87-1)*7) | P87: =IF(I87="","",CFG_Start+I87*7-1) | Q87: =IF(D87="","",IF(K87="Done","✔ Xong",IF(K87="Blocked","⛔ Blocked",IF(P87<TODAY(),"⚠ Trễ hạn",IF(O87<=TODAY(),"▶ Trong kỳ","Chưa tới"))))) | R87: =IF(J87="",0,J87*IF(K87="Done",1,IF(L87="",0,L87))) -> 0
J88: =IF(OR(H88="",I88=""),"",(I88-H88+1)*5) | O88: =IF(H88="","",CFG_Start+(H88-1)*7) | P88: =IF(I88="","",CFG_Start+I88*7-1) | Q88: =IF(D88="","",IF(K88="Done","✔ Xong",IF(K88="Blocked","⛔ Blocked",IF(P88<TODAY(),"⚠ Trễ hạn",IF(O88<=TODAY(),"▶ Trong kỳ","Chưa tới"))))) | R88: =IF(J88="",0,J88*IF(K88="Done",1,IF(L88="",0,L88))) -> 0
J89: =IF(OR(H89="",I89=""),"",(I89-H89+1)*5) | O89: =IF(H89="","",CFG_Start+(H89-1)*7) | P89: =IF(I89="","",CFG_Start+I89*7-1) | Q89: =IF(D89="","",IF(K89="Done","✔ Xong",IF(K89="Blocked","⛔ Blocked",IF(P89<TODAY(),"⚠ Trễ hạn",IF(O89<=TODAY(),"▶ Trong kỳ","Chưa tới"))))) | R89: =IF(J89="",0,J89*IF(K89="Done",1,IF(L89="",0,L89))) -> 0
J90: =IF(OR(H90="",I90=""),"",(I90-H90+1)*5) | O90: =IF(H90="","",CFG_Start+(H90-1)*7) | P90: =IF(I90="","",CFG_Start+I90*7-1) | Q90: =IF(D90="","",IF(K90="Done","✔ Xong",IF(K90="Blocked","⛔ Blocked",IF(P90<TODAY(),"⚠ Trễ hạn",IF(O90<=TODAY(),"▶ Trong kỳ","Chưa tới"))))) | R90: =IF(J90="",0,J90*IF(K90="Done",1,IF(L90="",0,L90))) -> 0
J91: =IF(OR(H91="",I91=""),"",(I91-H91+1)*5) | O91: =IF(H91="","",CFG_Start+(H91-1)*7) | P91: =IF(I91="","",CFG_Start+I91*7-1) | Q91: =IF(D91="","",IF(K91="Done","✔ Xong",IF(K91="Blocked","⛔ Blocked",IF(P91<TODAY(),"⚠ Trễ hạn",IF(O91<=TODAY(),"▶ Trong kỳ","Chưa tới"))))) | R91: =IF(J91="",0,J91*IF(K91="Done",1,IF(L91="",0,L91))) -> 0
J92: =IF(OR(H92="",I92=""),"",(I92-H92+1)*5) | O92: =IF(H92="","",CFG_Start+(H92-1)*7) | P92: =IF(I92="","",CFG_Start+I92*7-1) | Q92: =IF(D92="","",IF(K92="Done","✔ Xong",IF(K92="Blocked","⛔ Blocked",IF(P92<TODAY(),"⚠ Trễ hạn",IF(O92<=TODAY(),"▶ Trong kỳ","Chưa tới"))))) | R92: =IF(J92="",0,J92*IF(K92="Done",1,IF(L92="",0,L92))) -> 0
... J154: =IF(OR(H154="",I154=""),"",(I154-H154+1)*5) | O154: =IF(H154="","",CFG_Start+(H154-1)*7) | P154: =IF(I154="","",CFG_Start+I154*7-1) | Q154: =IF(D154="","",IF(K154="Done","✔ Xong",IF(K154="Blocked","⛔ Blocked",IF(P154<TODAY(),"⚠ Trễ hạn",IF(O154<=TODAY(),"▶ Trong kỳ","Chưa tới"))))) | R154: =IF(J154="",0,J154*IF(K154="Done",1,IF(L154="",0,L154))) -> 0

Sheet 02_Gantt Chart Tự Động
A1: 02 — GANTT CHART TỰ ĐỘNG · 4TMUSIC
A2: Tự lấy dữ liệu từ sheet 01 (không nhập tay ở đây). Thanh màu tự cập nhật theo Tuần BĐ/KT, % hoàn thành và ngày hôm nay.
A3: Tuần hiện tại: | C3: =CFG_CurWeek -> 1 | F3: Kế hoạch | J3: Đã hoàn thành | N3: Trễ hạn | R3: Tuần hiện tại | V3: ◆ Milestone
A5: Mã WBS | B5: Công việc | C5: Phụ trách | D5: Tuần BĐ | E5: Tuần KT | F5: % HT | G5: Trạng thái | H5: 1 | I5: 2 | J5: 3 | K5: 4 | L5: 5 | M5: 6 | N5: 7 | O5: 8 | P5: 9 | Q5: 10 | R5: 11 | S5: 12 | T5: 13 | U5: 14 | V5: 15 | W5: 16 | X5: 17 | Y5: 18 | Z5: 19 | AA5: 20 | AB5: 21 | AC5: 22 | AD5: 23 | AE5: 24 | AF5: 25 | AG5: 26 | AH5: 27 | AI5: 28 | AJ5: 29 | AK5: 30 | AL5: 31 | AM5: 32 | AN5: 33 | AO5: 34
B6: Ngày bắt đầu tuần → | H6: =CFG_Start+(H$5-1)*7 -> 46307 | I6: =CFG_Start+(I$5-1)*7 -> 46314 | J6: =CFG_Start+(J$5-1)*7 -> 46321 | K6: =CFG_Start+(K$5-1)*7 -> 46328 | L6: =CFG_Start+(L$5-1)*7 -> 46335 | M6: =CFG_Start+(M$5-1)*7 -> 46342 | N6: =CFG_Start+(N$5-1)*7 -> 46349 | O6: =CFG_Start+(O$5-1)*7 -> 46356 | ... AO6: =CFG_Start+(AO$5-1)*7 -> 46538
B7: Milestone → | H7: =IFERROR("◆ "&INDEX(MS_Names,MATCH(H$5,MS_Weeks,0)),"") | I7: =IFERROR("◆ "&INDEX(MS_Names,MATCH(I$5,MS_Weeks,0)),"") | J7: =IFERROR("◆ "&INDEX(MS_Names,MATCH(J$5,MS_Weeks,0)),"") | K7: =IFERROR("◆ "&INDEX(MS_Names,MATCH(K$5,MS_Weeks,0)),"") | L7: =IFERROR("◆ "&INDEX(MS_Names,MATCH(L$5,MS_Weeks,0)),"") | M7: =IFERROR("◆ "&INDEX(MS_Names,MATCH(M$5,MS_Weeks,0)),"") | N7: =IFERROR("◆ "&INDEX(MS_Names,MATCH(N$5,MS_Weeks,0)),"") | O7: =IFERROR("◆ "&INDEX(MS_Names,MATCH(O$5,MS_Weeks,0)),"") | ... AO7: =IFERROR("◆ "&INDEX(MS_Names,MATCH(AO$5,MS_Weeks,0)),"") -> ◆ Release Production
A8: =IF('01_WBS & Master Plan'!A5="","",'01_WBS & Master Plan'!A5) -> 0.1 | B8: =IF('01_WBS & Master Plan'!D5="","",'01_WBS & Master Plan'!D5) -> Học: web hoạt động thế nào — client/server, DNS, HTTP request/response, status code | C8: =IF('01_WBS & Master Plan'!E5="","",'01_WBS & Master Plan'!E5) -> Nhật | D8: =IF('01_WBS & Master Plan'!H5="","",'01_WBS & Master Plan'!H5) -> 1 | E8: =IF('01_WBS & Master Plan'!I5="","",'01_WBS & Master Plan'!I5) -> 1 | F8: =IF(B8="","",IF('01_WBS & Master Plan'!K5="Done",1,IF('01_WBS & Master Plan'!L5="",0,'01_WBS & Master Plan'!L5))) -> 0.3 | G8: =IF('01_WBS & Master Plan'!K5="","",'01_WBS & Master Plan'!K5) -> In Progress | H8: =IF(OR($D8="",$E8=""),"",IF(AND(H$5>=$D8,H$5<=$E8),IF(H$5-$D8+1<=ROUND(($E8-$D8+1)*$F8,0),2,IF(H$5<CFG_CurWeek,3,1)),"")) -> 1 | I8: =IF(OR($D8="",$E8=""),"",IF(AND(I$5>=$D8,I$5<=$E8),IF(I$5-$D8+1<=ROUND(($E8-$D8+1)*$F8,0),2,IF(I$5<CFG_CurWeek,3,1)),"")) | J8: =IF(OR($D8="",$E8=""),"",IF(AND(J$5>=$D8,J$5<=$E8),IF(J$5-$D8+1<=ROUND(($E8-$D8+1)*$F8,0),2,IF(J$5<CFG_CurWeek,3,1)),"")) | K8: =IF(OR($D8="",$E8=""),"",IF(AND(K$5>=$D8,K$5<=$E8),IF(K$5-$D8+1<=ROUND(($E8-$D8+1)*$F8,0),2,IF(K$5<CFG_CurWeek,3,1)),"")) | L8: =IF(OR($D8="",$E8=""),"",IF(AND(L$5>=$D8,L$5<=$E8),IF(L$5-$D8+1<=ROUND(($E8-$D8+1)*$F8,0),2,IF(L$5<CFG_CurWeek,3,1)),"")) | M8: =IF(OR($D8="",$E8=""),"",IF(AND(M$5>=$D8,M$5<=$E8),IF(M$5-$D8+1<=ROUND(($E8-$D8+1)*$F8,0),2,IF(M$5<CFG_CurWeek,3,1)),"")) | N8: =IF(OR($D8="",$E8=""),"",IF(AND(N$5>=$D8,N$5<=$E8),IF(N$5-$D8+1<=ROUND(($E8-$D8+1)*$F8,0),2,IF(N$5<CFG_CurWeek,3,1)),"")) | O8: =IF(OR($D8="",$E8=""),"",IF(AND(O$5>=$D8,O$5<=$E8),IF(O$5-$D8+1<=ROUND(($E8-$D8+1)*$F8,0),2,IF(O$5<CFG_CurWeek,3,1)),"")) | ... AO8: =IF(OR($D8="",$E8=""),"",IF(AND(AO$5>=$D8,AO$5<=$E8),IF(AO$5-$D8+1<=ROUND(($E8-$D8+1)*$F8,0),2,IF(AO$5<CFG_CurWeek,3,1)),""))
A9: =IF('01_WBS & Master Plan'!A6="","",'01_WBS & Master Plan'!A6) -> 0.2 | B9: =IF('01_WBS & Master Plan'!D6="","",'01_WBS & Master Plan'!D6) -> Cài môi trường: VS Code (Prettier, ESLint), Node.js LTS, Git, Postman, Chrome DevTools | C9: =IF('01_WBS & Master Plan'!E6="","",'01_WBS & Master Plan'!E6) -> Nhật | D9: =IF('01_WBS & Master Plan'!H6="","",'01_WBS & Master Plan'!H6) -> 1 | E9: =IF('01_WBS & Master Plan'!I6="","",'01_WBS & Master Plan'!I6) -> 1 | F9: =IF(B9="","",IF('01_WBS & Master Plan'!K6="Done",1,IF('01_WBS & Master Plan'!L6="",0,'01_WBS & Master Plan'!L6))) -> 0 | G9: =IF('01_WBS & Master Plan'!K6="","",'01_WBS & Master Plan'!K6) -> To Do | H9: =IF(OR($D9="",$E9=""),"",IF(AND(H$5>=$D9,H$5<=$E9),IF(H$5-$D9+1<=ROUND(($E9-$D9+1)*$F9,0),2,IF(H$5<CFG_CurWeek,3,1)),"")) -> 1 | I9: =IF(OR($D9="",$E9=""),"",IF(AND(I$5>=$D9,I$5<=$E9),IF(I$5-$D9+1<=ROUND(($E9-$D9+1)*$F9,0),2,IF(I$5<CFG_CurWeek,3,1)),"")) | J9: =IF(OR($D9="",$E9=""),"",IF(AND(J$5>=$D9,J$5<=$E9),IF(J$5-$D9+1<=ROUND(($E9-$D9+1)*$F9,0),2,IF(J$5<CFG_CurWeek,3,1)),"")) | K9: =IF(OR($D9="",$E9=""),"",IF(AND(K$5>=$D9,K$5<=$E9),IF(K$5-$D9+1<=ROUND(($E9-$D9+1)*$F9,0),2,IF(K$5<CFG_CurWeek,3,1)),"")) | L9: =IF(OR($D9="",$E9=""),"",IF(AND(L$5>=$D9,L$5<=$E9),IF(L$5-$D9+1<=ROUND(($E9-$D9+1)*$F9,0),2,IF(L$5<CFG_CurWeek,3,1)),"")) | M9: =IF(OR($D9="",$E9=""),"",IF(AND(M$5>=$D9,M$5<=$E9),IF(M$5-$D9+1<=ROUND(($E9-$D9+1)*$F9,0),2,IF(M$5<CFG_CurWeek,3,1)),"")) | N9: =IF(OR($D9="",$E9=""),"",IF(AND(N$5>=$D9,N$5<=$E9),IF(N$5-$D9+1<=ROUND(($E9-$D9+1)*$F9,0),2,IF(N$5<CFG_CurWeek,3,1)),"")) | O9: =IF(OR($D9="",$E9=""),"",IF(AND(O$5>=$D9,O$5<=$E9),IF(O$5-$D9+1<=ROUND(($E9-$D9+1)*$F9,0),2,IF(O$5<CFG_CurWeek,3,1)),"")) | ... AO9: =IF(OR($D9="",$E9=""),"",IF(AND(AO$5>=$D9,AO$5<=$E9),IF(AO$5-$D9+1<=ROUND(($E9-$D9+1)*$F9,0),2,IF(AO$5<CFG_CurWeek,3,1)),""))
A10: =IF('01_WBS & Master Plan'!A7="","",'01_WBS & Master Plan'!A7) -> 0.3 | B10: =IF('01_WBS & Master Plan'!D7="","",'01_WBS & Master Plan'!D7) -> Học Git cơ bản; tạo repo GitHub 4TMusic (client/ + server/), README, .gitignore | C10: =IF('01_WBS & Master Plan'!E7="","",'01_WBS & Master Plan'!E7) -> Nhật | D10: =IF('01_WBS & Master Plan'!H7="","",'01_WBS & Master Plan'!H7) -> 1 | E10: =IF('01_WBS & Master Plan'!I7="","",'01_WBS & Master Plan'!I7) -> 2 | F10: =IF(B10="","",IF('01_WBS & Master Plan'!K7="Done",1,IF('01_WBS & Master Plan'!L7="",0,'01_WBS & Master Plan'!L7))) -> 0 | G10: =IF('01_WBS & Master Plan'!K7="","",'01_WBS & Master Plan'!K7) -> To Do | H10: =IF(OR($D10="",$E10=""),"",IF(AND(H$5>=$D10,H$5<=$E10),IF(H$5-$D10+1<=ROUND(($E10-$D10+1)*$F10,0),2,IF(H$5<CFG_CurWeek,3,1)),"")) -> 1 | I10: =IF(OR($D10="",$E10=""),"",IF(AND(I$5>=$D10,I$5<=$E10),IF(I$5-$D10+1<=ROUND(($E10-$D10+1)*$F10,0),2,IF(I$5<CFG_CurWeek,3,1)),"")) -> 1 | J10: =IF(OR($D10="",$E10=""),"",IF(AND(J$5>=$D10,J$5<=$E10),IF(J$5-$D10+1<=ROUND(($E10-$D10+1)*$F10,0),2,IF(J$5<CFG_CurWeek,3,1)),"")) | K10: =IF(OR($D10="",$E10=""),"",IF(AND(K$5>=$D10,K$5<=$E10),IF(K$5-$D10+1<=ROUND(($E10-$D10+1)*$F10,0),2,IF(K$5<CFG_CurWeek,3,1)),"")) | L10: =IF(OR($D10="",$E10=""),"",IF(AND(L$5>=$D10,L$5<=$E10),IF(L$5-$D10+1<=ROUND(($E10-$D10+1)*$F10,0),2,IF(L$5<CFG_CurWeek,3,1)),"")) | M10: =IF(OR($D10="",$E10=""),"",IF(AND(M$5>=$D10,M$5<=$E10),IF(M$5-$D10+1<=ROUND(($E10-$D10+1)*$F10,0),2,IF(M$5<CFG_CurWeek,3,1)),"")) | N10: =IF(OR($D10="",$E10=""),"",IF(AND(N$5>=$D10,N$5<=$E10),IF(N$5-$D10+1<=ROUND(($E10-$D10+1)*$F10,0),2,IF(N$5<CFG_CurWeek,3,1)),"")) | O10: =IF(OR($D10="",$E10=""),"",IF(AND(O$5>=$D10,O$5<=$E10),IF(O$5-$D10+1<=ROUND(($E10-$D10+1)*$F10,0),2,IF(O$5<CFG_CurWeek,3,1)),"")) | ... AO10: =IF(OR($D10="",$E10=""),"",IF(AND(AO$5>=$D10,AO$5<=$E10),IF(AO$5-$D10+1<=ROUND(($E10-$D10+1)*$F10,0),2,IF(AO$5<CFG_CurWeek,3,1)),""))
A11: =IF('01_WBS & Master Plan'!A8="","",'01_WBS & Master Plan'!A8) -> 0.4 | B11: =IF('01_WBS & Master Plan'!D8="","",'01_WBS & Master Plan'!D8) -> Viết tài liệu yêu cầu rút gọn: tính năng, vai trò (Khách, User, Artist, Admin), phạm vi P1/P2 | C11: =IF('01_WBS & Master Plan'!E8="","",'01_WBS & Master Plan'!E8) -> Nhật | D11: =IF('01_WBS & Master Plan'!H8="","",'01_WBS & Master Plan'!H8) -> 2 | E11: =IF('01_WBS & Master Plan'!I8="","",'01_WBS & Master Plan'!I8) -> 2 | F11: =IF(B11="","",IF('01_WBS & Master Plan'!K8="Done",1,IF('01_WBS & Master Plan'!L8="",0,'01_WBS & Master Plan'!L8))) -> 0 | G11: =IF('01_WBS & Master Plan'!K8="","",'01_WBS & Master Plan'!K8) -> To Do | H11: =IF(OR($D11="",$E11=""),"",IF(AND(H$5>=$D11,H$5<=$E11),IF(H$5-$D11+1<=ROUND(($E11-$D11+1)*$F11,0),2,IF(H$5<CFG_CurWeek,3,1)),"")) | I11: =IF(OR($D11="",$E11=""),"",IF(AND(I$5>=$D11,I$5<=$E11),IF(I$5-$D11+1<=ROUND(($E11-$D11+1)*$F11,0),2,IF(I$5<CFG_CurWeek,3,1)),"")) -> 1 | J11: =IF(OR($D11="",$E11=""),"",IF(AND(J$5>=$D11,J$5<=$E11),IF(J$5-$D11+1<=ROUND(($E11-$D11+1)*$F11,0),2,IF(J$5<CFG_CurWeek,3,1)),"")) | K11: =IF(OR($D11="",$E11=""),"",IF(AND(K$5>=$D11,K$5<=$E11),IF(K$5-$D11+1<=ROUND(($E11-$D11+1)*$F11,0),2,IF(K$5<CFG_CurWeek,3,1)),"")) | L11: =IF(OR($D11="",$E11=""),"",IF(AND(L$5>=$D11,L$5<=$E11),IF(L$5-$D11+1<=ROUND(($E11-$D11+1)*$F11,0),2,IF(L$5<CFG_CurWeek,3,1)),"")) | M11: =IF(OR($D11="",$E11=""),"",IF(AND(M$5>=$D11,M$5<=$E11),IF(M$5-$D11+1<=ROUND(($E11-$D11+1)*$F11,0),2,IF(M$5<CFG_CurWeek,3,1)),"")) | N11: =IF(OR($D11="",$E11=""),"",IF(AND(N$5>=$D11,N$5<=$E11),IF(N$5-$D11+1<=ROUND(($E11-$D11+1)*$F11,0),2,IF(N$5<CFG_CurWeek,3,1)),"")) | O11: =IF(OR($D11="",$E11=""),"",IF(AND(O$5>=$D11,O$5<=$E11),IF(O$5-$D11+1<=ROUND(($E11-$D11+1)*$F11,0),2,IF(O$5<CFG_CurWeek,3,1)),"")) | ... AO11: =IF(OR($D11="",$E11=""),"",IF(AND(AO$5>=$D11,AO$5<=$E11),IF(AO$5-$D11+1<=ROUND(($E11-$D11+1)*$F11,0),2,IF(AO$5<CFG_CurWeek,3,1)),""))
A12: =IF('01_WBS & Master Plan'!A9="","",'01_WBS & Master Plan'!A9) -> 0.5 | B12: =IF('01_WBS & Master Plan'!D9="","",'01_WBS & Master Plan'!D9) -> Phác wireframe: Trang chủ, Tìm kiếm, Album, Nghệ sĩ, Playlist, Thư viện, Player bar, Now Playing | C12: =IF('01_WBS & Master Plan'!E9="","",'01_WBS & Master Plan'!E9) -> Nhật | D12: =IF('01_WBS & Master Plan'!H9="","",'01_WBS & Master Plan'!H9) -> 2 | E12: =IF('01_WBS & Master Plan'!I9="","",'01_WBS & Master Plan'!I9) -> 2 | F12: =IF(B12="","",IF('01_WBS & Master Plan'!K9="Done",1,IF('01_WBS & Master Plan'!L9="",0,'01_WBS & Master Plan'!L9))) -> 0 | G12: =IF('01_WBS & Master Plan'!K9="","",'01_WBS & Master Plan'!K9) -> To Do | H12: =IF(OR($D12="",$E12=""),"",IF(AND(H$5>=$D12,H$5<=$E12),IF(H$5-$D12+1<=ROUND(($E12-$D12+1)*$F12,0),2,IF(H$5<CFG_CurWeek,3,1)),"")) | I12: =IF(OR($D12="",$E12=""),"",IF(AND(I$5>=$D12,I$5<=$E12),IF(I$5-$D12+1<=ROUND(($E12-$D12+1)*$F12,0),2,IF(I$5<CFG_CurWeek,3,1)),"")) -> 1 | J12: =IF(OR($D12="",$E12=""),"",IF(AND(J$5>=$D12,J$5<=$E12),IF(J$5-$D12+1<=ROUND(($E12-$D12+1)*$F12,0),2,IF(J$5<CFG_CurWeek,3,1)),"")) | K12: =IF(OR($D12="",$E12=""),"",IF(AND(K$5>=$D12,K$5<=$E12),IF(K$5-$D12+1<=ROUND(($E12-$D12+1)*$F12,0),2,IF(K$5<CFG_CurWeek,3,1)),"")) | L12: =IF(OR($D12="",$E12=""),"",IF(AND(L$5>=$D12,L$5<=$E12),IF(L$5-$D12+1<=ROUND(($E12-$D12+1)*$F12,0),2,IF(L$5<CFG_CurWeek,3,1)),"")) | M12: =IF(OR($D12="",$E12=""),"",IF(AND(M$5>=$D12,M$5<=$E12),IF(M$5-$D12+1<=ROUND(($E12-$D12+1)*$F12,0),2,IF(M$5<CFG_CurWeek,3,1)),"")) | N12: =IF(OR($D12="",$E12=""),"",IF(AND(N$5>=$D12,N$5<=$E12),IF(N$5-$D12+1<=ROUND(($E12-$D12+1)*$F12,0),2,IF(N$5<CFG_CurWeek,3,1)),"")) | O12: =IF(OR($D12="",$E12=""),"",IF(AND(O$5>=$D12,O$5<=$E12),IF(O$5-$D12+1<=ROUND(($E12-$D12+1)*$F12,0),2,IF(O$5<CFG_CurWeek,3,1)),"")) | ... AO12: =IF(OR($D12="",$E12=""),"",IF(AND(AO$5>=$D12,AO$5<=$E12),IF(AO$5-$D12+1<=ROUND(($E12-$D12+1)*$F12,0),2,IF(AO$5<CFG_CurWeek,3,1)),""))
A13: =IF('01_WBS & Master Plan'!A10="","",'01_WBS & Master Plan'!A10) -> 0.6 | B13: =IF('01_WBS & Master Plan'!D10="","",'01_WBS & Master Plan'!D10) -> Chốt nguồn nhạc hợp pháp: đăng ký Jamendo API, tải 20–30 bài Creative Commons, lập bảng giấy phép | C13: =IF('01_WBS & Master Plan'!E10="","",'01_WBS & Master Plan'!E10) -> Nhật | D13: =IF('01_WBS & Master Plan'!H10="","",'01_WBS & Master Plan'!H10) -> 2 | E13: =IF('01_WBS & Master Plan'!I10="","",'01_WBS & Master Plan'!I10) -> 2 | F13: =IF(B13="","",IF('01_WBS & Master Plan'!K10="Done",1,IF('01_WBS & Master Plan'!L10="",0,'01_WBS & Master Plan'!L10))) -> 0 | G13: =IF('01_WBS & Master Plan'!K10="","",'01_WBS & Master Plan'!K10) -> To Do | H13: =IF(OR($D13="",$E13=""),"",IF(AND(H$5>=$D13,H$5<=$E13),IF(H$5-$D13+1<=ROUND(($E13-$D13+1)*$F13,0),2,IF(H$5<CFG_CurWeek,3,1)),"")) | I13: =IF(OR($D13="",$E13=""),"",IF(AND(I$5>=$D13,I$5<=$E13),IF(I$5-$D13+1<=ROUND(($E13-$D13+1)*$F13,0),2,IF(I$5<CFG_CurWeek,3,1)),"")) -> 1 | J13: =IF(OR($D13="",$E13=""),"",IF(AND(J$5>=$D13,J$5<=$E13),IF(J$5-$D13+1<=ROUND(($E13-$D13+1)*$F13,0),2,IF(J$5<CFG_CurWeek,3,1)),"")) | K13: =IF(OR($D13="",$E13=""),"",IF(AND(K$5>=$D13,K$5<=$E13),IF(K$5-$D13+1<=ROUND(($E13-$D13+1)*$F13,0),2,IF(K$5<CFG_CurWeek,3,1)),"")) | L13: =IF(OR($D13="",$E13=""),"",IF(AND(L$5>=$D13,L$5<=$E13),IF(L$5-$D13+1<=ROUND(($E13-$D13+1)*$F13,0),2,IF(L$5<CFG_CurWeek,3,1)),"")) | M13: =IF(OR($D13="",$E13=""),"",IF(AND(M$5>=$D13,M$5<=$E13),IF(M$5-$D13+1<=ROUND(($E13-$D13+1)*$F13,0),2,IF(M$5<CFG_CurWeek,3,1)),"")) | N13: =IF(OR($D13="",$E13=""),"",IF(AND(N$5>=$D13,N$5<=$E13),IF(N$5-$D13+1<=ROUND(($E13-$D13+1)*$F13,0),2,IF(N$5<CFG_CurWeek,3,1)),"")) | O13: =IF(OR($D13="",$E13=""),"",IF(AND(O$5>=$D13,O$5<=$E13),IF(O$5-$D13+1<=ROUND(($E13-$D13+1)*$F13,0),2,IF(O$5<CFG_CurWeek,3,1)),"")) | ... AO13: =IF(OR($D13="",$E13=""),"",IF(AND(AO$5>=$D13,AO$5<=$E13),IF(AO$5-$D13+1<=ROUND(($E13-$D13+1)*$F13,0),2,IF(AO$5<CFG_CurWeek,3,1)),""))
A14: =IF('01_WBS & Master Plan'!A11="","",'01_WBS & Master Plan'!A11) -> 1.1 | B14: =IF('01_WBS & Master Plan'!D11="","",'01_WBS & Master Plan'!D11) -> Học HTML ngữ nghĩa & CSS cơ bản (selector, box model, đơn vị) | C14: =IF('01_WBS & Master Plan'!E11="","",'01_WBS & Master Plan'!E11) -> Nhật | D14: =IF('01_WBS & Master Plan'!H11="","",'01_WBS & Master Plan'!H11) -> 3 | E14: =IF('01_WBS & Master Plan'!I11="","",'01_WBS & Master Plan'!I11) -> 3 | F14: =IF(B14="","",IF('01_WBS & Master Plan'!K11="Done",1,IF('01_WBS & Master Plan'!L11="",0,'01_WBS & Master Plan'!L11))) -> 0 | G14: =IF('01_WBS & Master Plan'!K11="","",'01_WBS & Master Plan'!K11) -> To Do | H14: =IF(OR($D14="",$E14=""),"",IF(AND(H$5>=$D14,H$5<=$E14),IF(H$5-$D14+1<=ROUND(($E14-$D14+1)*$F14,0),2,IF(H$5<CFG_CurWeek,3,1)),"")) | I14: =IF(OR($D14="",$E14=""),"",IF(AND(I$5>=$D14,I$5<=$E14),IF(I$5-$D14+1<=ROUND(($E14-$D14+1)*$F14,0),2,IF(I$5<CFG_CurWeek,3,1)),"")) | J14: =IF(OR($D14="",$E14=""),"",IF(AND(J$5>=$D14,J$5<=$E14),IF(J$5-$D14+1<=ROUND(($E14-$D14+1)*$F14,0),2,IF(J$5<CFG_CurWeek,3,1)),"")) -> 1 | K14: =IF(OR($D14="",$E14=""),"",IF(AND(K$5>=$D14,K$5<=$E14),IF(K$5-$D14+1<=ROUND(($E14-$D14+1)*$F14,0),2,IF(K$5<CFG_CurWeek,3,1)),"")) | L14: =IF(OR($D14="",$E14=""),"",IF(AND(L$5>=$D14,L$5<=$E14),IF(L$5-$D14+1<=ROUND(($E14-$D14+1)*$F14,0),2,IF(L$5<CFG_CurWeek,3,1)),"")) | M14: =IF(OR($D14="",$E14=""),"",IF(AND(M$5>=$D14,M$5<=$E14),IF(M$5-$D14+1<=ROUND(($E14-$D14+1)*$F14,0),2,IF(M$5<CFG_CurWeek,3,1)),"")) | N14: =IF(OR($D14="",$E14=""),"",IF(AND(N$5>=$D14,N$5<=$E14),IF(N$5-$D14+1<=ROUND(($E14-$D14+1)*$F14,0),2,IF(N$5<CFG_CurWeek,3,1)),"")) | O14: =IF(OR($D14="",$E14=""),"",IF(AND(O$5>=$D14,O$5<=$E14),IF(O$5-$D14+1<=ROUND(($E14-$D14+1)*$F14,0),2,IF(O$5<CFG_CurWeek,3,1)),"")) | ... AO14: =IF(OR($D14="",$E14=""),"",IF(AND(AO$5>=$D14,AO$5<=$E14),IF(AO$5-$D14+1<=ROUND(($E14-$D14+1)*$F14,0),2,IF(AO$5<CFG_CurWeek,3,1)),""))
A15: =IF('01_WBS & Master Plan'!A12="","",'01_WBS & Master Plan'!A12) -> 1.2 | B15: =IF('01_WBS & Master Plan'!D12="","",'01_WBS & Master Plan'!D12) -> Học Flexbox, Grid, responsive (media query, mobile-first) | C15: =IF('01_WBS & Master Plan'!E12="","",'01_WBS & Master Plan'!E12) -> Nhật | D15: =IF('01_WBS & Master Plan'!H12="","",'01_WBS & Master Plan'!H12) -> 3 | E15: =IF('01_WBS & Master Plan'!I12="","",'01_WBS & Master Plan'!I12) -> 4 | F15: =IF(B15="","",IF('01_WBS & Master Plan'!K12="Done",1,IF('01_WBS & Master Plan'!L12="",0,'01_WBS & Master Plan'!L12))) -> 0 | G15: =IF('01_WBS & Master Plan'!K12="","",'01_WBS & Master Plan'!K12) -> To Do | H15: =IF(OR($D15="",$E15=""),"",IF(AND(H$5>=$D15,H$5<=$E15),IF(H$5-$D15+1<=ROUND(($E15-$D15+1)*$F15,0),2,IF(H$5<CFG_CurWeek,3,1)),"")) | I15: =IF(OR($D15="",$E15=""),"",IF(AND(I$5>=$D15,I$5<=$E15),IF(I$5-$D15+1<=ROUND(($E15-$D15+1)*$F15,0),2,IF(I$5<CFG_CurWeek,3,1)),"")) | J15: =IF(OR($D15="",$E15=""),"",IF(AND(J$5>=$D15,J$5<=$E15),IF(J$5-$D15+1<=ROUND(($E15-$D15+1)*$F15,0),2,IF(J$5<CFG_CurWeek,3,1)),"")) -> 1 | K15: =IF(OR($D15="",$E15=""),"",IF(AND(K$5>=$D15,K$5<=$E15),IF(K$5-$D15+1<=ROUND(($E15-$D15+1)*$F15,0),2,IF(K$5<CFG_CurWeek,3,1)),"")) -> 1 | L15: =IF(OR($D15="",$E15=""),"",IF(AND(L$5>=$D15,L$5<=$E15),IF(L$5-$D15+1<=ROUND(($E15-$D15+1)*$F15,0),2,IF(L$5<CFG_CurWeek,3,1)),"")) | M15: =IF(OR($D15="",$E15=""),"",IF(AND(M$5>=$D15,M$5<=$E15),IF(M$5-$D15+1<=ROUND(($E15-$D15+1)*$F15,0),2,IF(M$5<CFG_CurWeek,3,1)),"")) | N15: =IF(OR($D15="",$E15=""),"",IF(AND(N$5>=$D15,N$5<=$E15),IF(N$5-$D15+1<=ROUND(($E15-$D15+1)*$F15,0),2,IF(N$5<CFG_CurWeek,3,1)),"")) | O15: =IF(OR($D15="",$E15=""),"",IF(AND(O$5>=$D15,O$5<=$E15),IF(O$5-$D15+1<=ROUND(($E15-$D15+1)*$F15,0),2,IF(O$5<CFG_CurWeek,3,1)),"")) | ... AO15: =IF(OR($D15="",$E15=""),"",IF(AND(AO$5>=$D15,AO$5<=$E15),IF(AO$5-$D15+1<=ROUND(($E15-$D15+1)*$F15,0),2,IF(AO$5<CFG_CurWeek,3,1)),""))
A16: =IF('01_WBS & Master Plan'!A13="","",'01_WBS & Master Plan'!A13) -> 1.3 | B16: =IF('01_WBS & Master Plan'!D13="","",'01_WBS & Master Plan'!D13) -> Dựng layout tĩnh: sidebar menu, header + ô tìm kiếm, vùng nội dung | C16: =IF('01_WBS & Master Plan'!E13="","",'01_WBS & Master Plan'!E13) -> Nhật | D16: =IF('01_WBS & Master Plan'!H13="","",'01_WBS & Master Plan'!H13) -> 4 | E16: =IF('01_WBS & Master Plan'!I13="","",'01_WBS & Master Plan'!I13) -> 4 | F16: =IF(B16="","",IF('01_WBS & Master Plan'!K13="Done",1,IF('01_WBS & Master Plan'!L13="",0,'01_WBS & Master Plan'!L13))) -> 0 | G16: =IF('01_WBS & Master Plan'!K13="","",'01_WBS & Master Plan'!K13) -> To Do | H16: =IF(OR($D16="",$E16=""),"",IF(AND(H$5>=$D16,H$5<=$E16),IF(H$5-$D16+1<=ROUND(($E16-$D16+1)*$F16,0),2,IF(H$5<CFG_CurWeek,3,1)),"")) | I16: =IF(OR($D16="",$E16=""),"",IF(AND(I$5>=$D16,I$5<=$E16),IF(I$5-$D16+1<=ROUND(($E16-$D16+1)*$F16,0),2,IF(I$5<CFG_CurWeek,3,1)),"")) | J16: =IF(OR($D16="",$E16=""),"",IF(AND(J$5>=$D16,J$5<=$E16),IF(J$5-$D16+1<=ROUND(($E16-$D16+1)*$F16,0),2,IF(J$5<CFG_CurWeek,3,1)),"")) | K16: =IF(OR($D16="",$E16=""),"",IF(AND(K$5>=$D16,K$5<=$E16),IF(K$5-$D16+1<=ROUND(($E16-$D16+1)*$F16,0),2,IF(K$5<CFG_CurWeek,3,1)),"")) -> 1 | L16: =IF(OR($D16="",$E16=""),"",IF(AND(L$5>=$D16,L$5<=$E16),IF(L$5-$D16+1<=ROUND(($E16-$D16+1)*$F16,0),2,IF(L$5<CFG_CurWeek,3,1)),"")) | M16: =IF(OR($D16="",$E16=""),"",IF(AND(M$5>=$D16,M$5<=$E16),IF(M$5-$D16+1<=ROUND(($E16-$D16+1)*$F16,0),2,IF(M$5<CFG_CurWeek,3,1)),"")) | N16: =IF(OR($D16="",$E16=""),"",IF(AND(N$5>=$D16,N$5<=$E16),IF(N$5-$D16+1<=ROUND(($E16-$D16+1)*$F16,0),2,IF(N$5<CFG_CurWeek,3,1)),"")) | O16: =IF(OR($D16="",$E16=""),"",IF(AND(O$5>=$D16,O$5<=$E16),IF(O$5-$D16+1<=ROUND(($E16-$D16+1)*$F16,0),2,IF(O$5<CFG_CurWeek,3,1)),"")) | ... AO16: =IF(OR($D16="",$E16=""),"",IF(AND(AO$5>=$D16,AO$5<=$E16),IF(AO$5-$D16+1<=ROUND(($E16-$D16+1)*$F16,0),2,IF(AO$5<CFG_CurWeek,3,1)),""))
A17: =IF('01_WBS & Master Plan'!A14="","",'01_WBS & Master Plan'!A14) -> 1.4 | B17: =IF('01_WBS & Master Plan'!D14="","",'01_WBS & Master Plan'!D14) -> Dựng trang chủ tĩnh: lưới album, danh sách bài nổi bật, thể loại | C17: =IF('01_WBS & Master Plan'!E14="","",'01_WBS & Master Plan'!E14) -> Nhật | D17: =IF('01_WBS & Master Plan'!H14="","",'01_WBS & Master Plan'!H14) -> 4 | E17: =IF('01_WBS & Master Plan'!I14="","",'01_WBS & Master Plan'!I14) -> 5 | F17: =IF(B17="","",IF('01_WBS & Master Plan'!K14="Done",1,IF('01_WBS & Master Plan'!L14="",0,'01_WBS & Master Plan'!L14))) -> 0 | G17: =IF('01_WBS & Master Plan'!K14="","",'01_WBS & Master Plan'!K14) -> To Do | H17: =IF(OR($D17="",$E17=""),"",IF(AND(H$5>=$D17,H$5<=$E17),IF(H$5-$D17+1<=ROUND(($E17-$D17+1)*$F17,0),2,IF(H$5<CFG_CurWeek,3,1)),"")) | I17: =IF(OR($D17="",$E17=""),"",IF(AND(I$5>=$D17,I$5<=$E17),IF(I$5-$D17+1<=ROUND(($E17-$D17+1)*$F17,0),2,IF(I$5<CFG_CurWeek,3,1)),"")) | J17: =IF(OR($D17="",$E17=""),"",IF(AND(J$5>=$D17,J$5<=$E17),IF(J$5-$D17+1<=ROUND(($E17-$D17+1)*$F17,0),2,IF(J$5<CFG_CurWeek,3,1)),"")) | K17: =IF(OR($D17="",$E17=""),"",IF(AND(K$5>=$D17,K$5<=$E17),IF(K$5-$D17+1<=ROUND(($E17-$D17+1)*$F17,0),2,IF(K$5<CFG_CurWeek,3,1)),"")) -> 1 | L17: =IF(OR($D17="",$E17=""),"",IF(AND(L$5>=$D17,L$5<=$E17),IF(L$5-$D17+1<=ROUND(($E17-$D17+1)*$F17,0),2,IF(L$5<CFG_CurWeek,3,1)),"")) -> 1 | M17: =IF(OR($D17="",$E17=""),"",IF(AND(M$5>=$D17,M$5<=$E17),IF(M$5-$D17+1<=ROUND(($E17-$D17+1)*$F17,0),2,IF(M$5<CFG_CurWeek,3,1)),"")) | N17: =IF(OR($D17="",$E17=""),"",IF(AND(N$5>=$D17,N$5<=$E17),IF(N$5-$D17+1<=ROUND(($E17-$D17+1)*$F17,0),2,IF(N$5<CFG_CurWeek,3,1)),"")) | O17: =IF(OR($D17="",$E17=""),"",IF(AND(O$5>=$D17,O$5<=$E17),IF(O$5-$D17+1<=ROUND(($E17-$D17+1)*$F17,0),2,IF(O$5<CFG_CurWeek,3,1)),"")) | ... AO17: =IF(OR($D17="",$E17=""),"",IF(AND(AO$5>=$D17,AO$5<=$E17),IF(AO$5-$D17+1<=ROUND(($E17-$D17+1)*$F17,0),2,IF(AO$5<CFG_CurWeek,3,1)),""))
A18: =IF('01_WBS & Master Plan'!A15="","",'01_WBS & Master Plan'!A15) -> 1.5 | B18: =IF('01_WBS & Master Plan'!D15="","",'01_WBS & Master Plan'!D15) -> Dựng thanh Player cố định dưới màn hình (ảnh bìa, tên bài, nút, thanh tiến trình) | C18: =IF('01_WBS & Master Plan'!E15="","",'01_WBS & Master Plan'!E15) -> Nhật | D18: =IF('01_WBS & Master Plan'!H15="","",'01_WBS & Master Plan'!H15) -> 5 | E18: =IF('01_WBS & Master Plan'!I15="","",'01_WBS & Master Plan'!I15) -> 5 | F18: =IF(B18="","",IF('01_WBS & Master Plan'!K15="Done",1,IF('01_WBS & Master Plan'!L15="",0,'01_WBS & Master Plan'!L15))) -> 0 | G18: =IF('01_WBS & Master Plan'!K15="","",'01_WBS & Master Plan'!K15) -> To Do | H18: =IF(OR($D18="",$E18=""),"",IF(AND(H$5>=$D18,H$5<=$E18),IF(H$5-$D18+1<=ROUND(($E18-$D18+1)*$F18,0),2,IF(H$5<CFG_CurWeek,3,1)),"")) | I18: =IF(OR($D18="",$E18=""),"",IF(AND(I$5>=$D18,I$5<=$E18),IF(I$5-$D18+1<=ROUND(($E18-$D18+1)*$F18,0),2,IF(I$5<CFG_CurWeek,3,1)),"")) | J18: =IF(OR($D18="",$E18=""),"",IF(AND(J$5>=$D18,J$5<=$E18),IF(J$5-$D18+1<=ROUND(($E18-$D18+1)*$F18,0),2,IF(J$5<CFG_CurWeek,3,1)),"")) | K18: =IF(OR($D18="",$E18=""),"",IF(AND(K$5>=$D18,K$5<=$E18),IF(K$5-$D18+1<=ROUND(($E18-$D18+1)*$F18,0),2,IF(K$5<CFG_CurWeek,3,1)),"")) | L18: =IF(OR($D18="",$E18=""),"",IF(AND(L$5>=$D18,L$5<=$E18),IF(L$5-$D18+1<=ROUND(($E18-$D18+1)*$F18,0),2,IF(L$5<CFG_CurWeek,3,1)),"")) -> 1 | M18: =IF(OR($D18="",$E18=""),"",IF(AND(M$5>=$D18,M$5<=$E18),IF(M$5-$D18+1<=ROUND(($E18-$D18+1)*$F18,0),2,IF(M$5<CFG_CurWeek,3,1)),"")) | N18: =IF(OR($D18="",$E18=""),"",IF(AND(N$5>=$D18,N$5<=$E18),IF(N$5-$D18+1<=ROUND(($E18-$D18+1)*$F18,0),2,IF(N$5<CFG_CurWeek,3,1)),"")) | O18: =IF(OR($D18="",$E18=""),"",IF(AND(O$5>=$D18,O$5<=$E18),IF(O$5-$D18+1<=ROUND(($E18-$D18+1)*$F18,0),2,IF(O$5<CFG_CurWeek,3,1)),"")) | ... AO18: =IF(OR($D18="",$E18=""),"",IF(AND(AO$5>=$D18,AO$5<=$E18),IF(AO$5-$D18+1<=ROUND(($E18-$D18+1)*$F18,0),2,IF(AO$5<CFG_CurWeek,3,1)),""))
A19: =IF('01_WBS & Master Plan'!A16="","",'01_WBS & Master Plan'!A16) -> 1.6 | B19: =IF('01_WBS & Master Plan'!D16="","",'01_WBS & Master Plan'!D16) -> Giao diện Sáng/Tối bằng CSS variables | C19: =IF('01_WBS & Master Plan'!E16="","",'01_WBS & Master Plan'!E16) -> Nhật | D19: =IF('01_WBS & Master Plan'!H16="","",'01_WBS & Master Plan'!H16) -> 5 | E19: =IF('01_WBS & Master Plan'!I16="","",'01_WBS & Master Plan'!I16) -> 5 | F19: =IF(B19="","",IF('01_WBS & Master Plan'!K16="Done",1,IF('01_WBS & Master Plan'!L16="",0,'01_WBS & Master Plan'!L16))) -> 0 | G19: =IF('01_WBS & Master Plan'!K16="","",'01_WBS & Master Plan'!K16) -> To Do | H19: =IF(OR($D19="",$E19=""),"",IF(AND(H$5>=$D19,H$5<=$E19),IF(H$5-$D19+1<=ROUND(($E19-$D19+1)*$F19,0),2,IF(H$5<CFG_CurWeek,3,1)),"")) | I19: =IF(OR($D19="",$E19=""),"",IF(AND(I$5>=$D19,I$5<=$E19),IF(I$5-$D19+1<=ROUND(($E19-$D19+1)*$F19,0),2,IF(I$5<CFG_CurWeek,3,1)),"")) | J19: =IF(OR($D19="",$E19=""),"",IF(AND(J$5>=$D19,J$5<=$E19),IF(J$5-$D19+1<=ROUND(($E19-$D19+1)*$F19,0),2,IF(J$5<CFG_CurWeek,3,1)),"")) | K19: =IF(OR($D19="",$E19=""),"",IF(AND(K$5>=$D19,K$5<=$E19),IF(K$5-$D19+1<=ROUND(($E19-$D19+1)*$F19,0),2,IF(K$5<CFG_CurWeek,3,1)),"")) | L19: =IF(OR($D19="",$E19=""),"",IF(AND(L$5>=$D19,L$5<=$E19),IF(L$5-$D19+1<=ROUND(($E19-$D19+1)*$F19,0),2,IF(L$5<CFG_CurWeek,3,1)),"")) -> 1 | M19: =IF(OR($D19="",$E19=""),"",IF(AND(M$5>=$D19,M$5<=$E19),IF(M$5-$D19+1<=ROUND(($E19-$D19+1)*$F19,0),2,IF(M$5<CFG_CurWeek,3,1)),"")) | N19: =IF(OR($D19="",$E19=""),"",IF(AND(N$5>=$D19,N$5<=$E19),IF(N$5-$D19+1<=ROUND(($E19-$D19+1)*$F19,0),2,IF(N$5<CFG_CurWeek,3,1)),"")) | O19: =IF(OR($D19="",$E19=""),"",IF(AND(O$5>=$D19,O$5<=$E19),IF(O$5-$D19+1<=ROUND(($E19-$D19+1)*$F19,0),2,IF(O$5<CFG_CurWeek,3,1)),"")) | ... AO19: =IF(OR($D19="",$E19=""),"",IF(AND(AO$5>=$D19,AO$5<=$E19),IF(AO$5-$D19+1<=ROUND(($E19-$D19+1)*$F19,0),2,IF(AO$5<CFG_CurWeek,3,1)),""))
... A157: =IF('01_WBS & Master Plan'!A154="","",'01_WBS & Master Plan'!A154) | B157: =IF('01_WBS & Master Plan'!D154="","",'01_WBS & Master Plan'!D154) | C157: =IF('01_WBS & Master Plan'!E154="","",'01_WBS & Master Plan'!E154) | D157: =IF('01_WBS & Master Plan'!H154="","",'01_WBS & Master Plan'!H154) | E157: =IF('01_WBS & Master Plan'!I154="","",'01_WBS & Master Plan'!I154) | F157: =IF(B157="","",IF('01_WBS & Master Plan'!K154="Done",1,IF('01_WBS & Master Plan'!L154="",0,'01_WBS & Master Plan'!L154))) | G157: =IF('01_WBS & Master Plan'!K154="","",'01_WBS & Master Plan'!K154) | H157: =IF(OR($D157="",$E157=""),"",IF(AND(H$5>=$D157,H$5<=$E157),IF(H$5-$D157+1<=ROUND(($E157-$D157+1)*$F157,0),2,IF(H$5<CFG_CurWeek,3,1)),"")) | I157: =IF(OR($D157="",$E157=""),"",IF(AND(I$5>=$D157,I$5<=$E157),IF(I$5-$D157+1<=ROUND(($E157-$D157+1)*$F157,0),2,IF(I$5<CFG_CurWeek,3,1)),"")) | J157: =IF(OR($D157="",$E157=""),"",IF(AND(J$5>=$D157,J$5<=$E157),IF(J$5-$D157+1<=ROUND(($E157-$D157+1)*$F157,0),2,IF(J$5<CFG_CurWeek,3,1)),"")) | K157: =IF(OR($D157="",$E157=""),"",IF(AND(K$5>=$D157,K$5<=$E157),IF(K$5-$D157+1<=ROUND(($E157-$D157+1)*$F157,0),2,IF(K$5<CFG_CurWeek,3,1)),"")) | L157: =IF(OR($D157="",$E157=""),"",IF(AND(L$5>=$D157,L$5<=$E157),IF(L$5-$D157+1<=ROUND(($E157-$D157+1)*$F157,0),2,IF(L$5<CFG_CurWeek,3,1)),"")) | M157: =IF(OR($D157="",$E157=""),"",IF(AND(M$5>=$D157,M$5<=$E157),IF(M$5-$D157+1<=ROUND(($E157-$D157+1)*$F157,0),2,IF(M$5<CFG_CurWeek,3,1)),"")) | N157: =IF(OR($D157="",$E157=""),"",IF(AND(N$5>=$D157,N$5<=$E157),IF(N$5-$D157+1<=ROUND(($E157-$D157+1)*$F157,0),2,IF(N$5<CFG_CurWeek,3,1)),"")) | O157: =IF(OR($D157="",$E157=""),"",IF(AND(O$5>=$D157,O$5<=$E157),IF(O$5-$D157+1<=ROUND(($E157-$D157+1)*$F157,0),2,IF(O$5<CFG_CurWeek,3,1)),"")) | ... AO157: =IF(OR($D157="",$E157=""),"",IF(AND(AO$5>=$D157,AO$5<=$E157),IF(AO$5-$D157+1<=ROUND(($E157-$D157+1)*$F157,0),2,IF(AO$5<CFG_CurWeek,3,1)),""))

Sheet 03_API Checklist & Testing
A1: 03 — API CHECKLIST & TESTING · 4TMUSIC
A2: ="Tổng: "&COUNTIF(A_Endpoint,"?*")&" endpoint • Dev Done: "&COUNTIF(A_Dev,"Done")&" • Test Pass: "&COUNTIF(A_Test,"Pass")&" • Fail: "&COUNTIF(A_Test,"Fail")&" • P1 = trong 34 tuần, P2 = mở rộng sau Release" -> Tổng: 83 endpoint • Dev Done: 0 • Test Pass: 0 • Fail: 0 • P1 = trong 34 tuần, P2 = mở rộng sau Release
A4: STT | B4: Module / Context Path | C4: Method | D4: Endpoint | E4: Mô tả chức năng | F4: Quyền truy cập | G4: Phase | H4: Trạng thái Dev | I4: Trạng thái Test | J4: Ghi chú / Response Code
A5: =IF(D5="","",ROW()-4) -> 1 | B5: Auth — /api/auth | C5: POST | D5: /api/auth/register | E5: Đăng ký tài khoản (email, mật khẩu, tên hiển thị) | F5: Public | G5: P1 | H5: To Do | I5: Chưa test | J5: 201 Created; 409 email đã tồn tại; 422 dữ liệu sai
A6: =IF(D6="","",ROW()-4) -> 2 | B6: Auth — /api/auth | C6: POST | D6: /api/auth/login | E6: Đăng nhập, trả access token + refresh token (httpOnly cookie) | F6: Public | G6: P1 | H6: To Do | I6: Chưa test | J6: 200; 401 sai thông tin; 429 sai 5 lần → khóa 5 phút
A7: =IF(D7="","",ROW()-4) -> 3 | B7: Auth — /api/auth | C7: POST | D7: /api/auth/refresh | E7: Làm mới access token | F7: Public | G7: P1 | H7: To Do | I7: Chưa test | J7: 200; 401 refresh token hết hạn
A8: =IF(D8="","",ROW()-4) -> 4 | B8: Auth — /api/auth | C8: POST | D8: /api/auth/logout | E8: Đăng xuất, thu hồi refresh token | F8: User | G8: P1 | H8: To Do | I8: Chưa test | J8: 204
A9: =IF(D9="","",ROW()-4) -> 5 | B9: Auth — /api/auth | C9: POST | D9: /api/auth/forgot-password | E9: Gửi OTP đặt lại mật khẩu qua email | F9: Public | G9: P1 | H9: To Do | I9: Chưa test | J9: 200 (luôn trả 200 để tránh dò email)
A10: =IF(D10="","",ROW()-4) -> 6 | B10: Auth — /api/auth | C10: POST | D10: /api/auth/reset-password | E10: Đặt lại mật khẩu bằng OTP | F10: Public | G10: P1 | H10: To Do | I10: Chưa test | J10: 200; 400 OTP sai/hết hạn (10 phút)
A11: =IF(D11="","",ROW()-4) -> 7 | B11: Auth — /api/auth | C11: GET | D11: /api/auth/me | E11: Thông tin người dùng hiện tại + vai trò | F11: User | G11: P1 | H11: To Do | I11: Chưa test | J11: 200; 401
A12: =IF(D12="","",ROW()-4) -> 8 | B12: Auth — /api/auth | C12: POST | D12: /api/auth/google | E12: Đăng nhập bằng Google (OAuth2) | F12: Public | G12: P2 | H12: To Do | I12: Chưa test | J12: 200; 401
A13: =IF(D13="","",ROW()-4) -> 9 | B13: Users — /api/users | C13: PUT | D13: /api/users/me | E13: Cập nhật hồ sơ (tên hiển thị, bio) | F13: User | G13: P1 | H13: To Do | I13: Chưa test | J13: 200; 422
A14: =IF(D14="","",ROW()-4) -> 10 | B14: Users — /api/users | C14: PUT | D14: /api/users/me/avatar | E14: Upload ảnh đại diện (multipart, Multer) | F14: User | G14: P1 | H14: To Do | I14: Chưa test | J14: 200; 413 file quá lớn; 415 sai định dạng
A15: =IF(D15="","",ROW()-4) -> 11 | B15: Users — /api/users | C15: PUT | D15: /api/users/me/password | E15: Đổi mật khẩu (bcrypt) | F15: User | G15: P1 | H15: To Do | I15: Chưa test | J15: 200; 400 mật khẩu cũ sai
A16: =IF(D16="","",ROW()-4) -> 12 | B16: Users — /api/users | C16: GET | D16: /api/users/me/settings | E16: Lấy cài đặt: giao diện sáng/tối, chất lượng phát, ngôn ngữ | F16: User | G16: P1 | H16: To Do | I16: Chưa test | J16: 200
... A87: =IF(D87="","",ROW()-4) -> 83 | B87: Analytics — /api/analytics | C87: GET | D87: /api/analytics/recommendations | E87: Gợi ý bài theo lịch sử nghe | F87: User | G87: P2 | H87: To Do | I87: Chưa test | J87: 200
A88: =IF(D88="","",ROW()-4)
A89: =IF(D89="","",ROW()-4)
A90: =IF(D90="","",ROW()-4)
A91: =IF(D91="","",ROW()-4)
A92: =IF(D92="","",ROW()-4)
A93: =IF(D93="","",ROW()-4)
A94: =IF(D94="","",ROW()-4)
A95: =IF(D95="","",ROW()-4)
A96: =IF(D96="","",ROW()-4)
A97: =IF(D97="","",ROW()-4)
A98: =IF(D98="","",ROW()-4)
A99: =IF(D99="","",ROW()-4)
... A200: =IF(D200="","",ROW()-4)

Sheet 04_UXUI & Requirement Backlog
A1: 04 — UX/UI & REQUIREMENT BACKLOG · 4TMUSIC
A2: ="Đã xử lý: "&COUNTIF(U_Done,TRUE())&" / "&COUNTIF(U_Item,"?*")&" • High chưa xử lý: "&COUNTIFS(U_Prio,"High",U_Done,FALSE())&" • Cột E chọn TRUE/FALSE (Google Sheets: Chèn → Hộp kiểm)" -> Đã xử lý: 0 / 22 • High chưa xử lý: 7 • Cột E chọn TRUE/FALSE (Google Sheets: Chèn → Hộp kiểm)
A4: STT | B4: Màn hình / Hạng mục | C4: Vấn đề / Yêu cầu chi tiết | D4: Mức độ ưu tiên | E4: Đã xử lý | F4: Người phụ trách | G4: Ghi chú
A5: =IF(C5="","",ROW()-4) -> 1 | B5: Player bar | C5: Thanh player cố định dưới màn hình, không dừng nhạc khi chuyển trang | D5: High | E5: =FALSE() -> FALSE | F5: Nhật | G5: Kiểm tra sau khi làm React Router
A6: =IF(C6="","",ROW()-4) -> 2 | B6: Now Playing | C6: Bấm vào ảnh bìa mở màn hình Now Playing toàn màn hình (ảnh lớn, lyric, queue) | D6: Medium | E6: =FALSE() -> FALSE | F6: Nhật
A7: =IF(C7="","",ROW()-4) -> 3 | B7: Player bar | C7: Thanh tua: hover hiện thời gian, kéo mượt trên cảm ứng | D7: Medium | E7: =FALSE() -> FALSE | F7: Nhật
A8: =IF(C8="","",ROW()-4) -> 4 | B8: Player bar | C8: Phím tắt: Space = play/pause, ←/→ tua 5 giây, M = tắt tiếng | D8: Low | E8: =FALSE() -> FALSE | F8: Nhật
A9: =IF(C9="","",ROW()-4) -> 5 | B9: Toàn hệ thống | C9: Giao diện Sáng/Tối, nhớ lựa chọn của người dùng | D9: Medium | E9: =FALSE() -> FALSE | F9: Nhật | G9: Lưu vào /users/me/settings
A10: =IF(C10="","",ROW()-4) -> 6 | B10: Player bar | C10: Tốc độ tải nhạc: bắt đầu phát < 2 giây, hiển thị trạng thái đang tải/buffer | D10: High | E10: =FALSE() -> FALSE | F10: Nhật | G10: Đo bằng tab Network
A11: =IF(C11="","",ROW()-4) -> 7 | B11: Player bar | C11: Tải trước (preload) bài tiếp theo trong hàng đợi | D11: Medium | E11: =FALSE() -> FALSE | F11: Nhật
A12: =IF(C12="","",ROW()-4) -> 8 | B12: Trang chủ | C12: Ảnh bìa lazy-load, ảnh placeholder, dùng WebP | D12: Medium | E12: =FALSE() -> FALSE | F12: Nhật
A13: =IF(C13="","",ROW()-4) -> 9 | B13: Tìm kiếm | C13: Gợi ý ngay khi gõ (debounce 300 ms); tách kết quả Bài hát / Nghệ sĩ / Album / Playlist | D13: High | E13: =FALSE() -> FALSE | F13: Nhật
A14: =IF(C14="","",ROW()-4) -> 10 | B14: Lời bài hát | C14: Tô sáng dòng đang hát, tự cuộn, bấm vào dòng để tua | D14: Medium | E14: =FALSE() -> FALSE | F14: Nhật | G14: Karaoke
A15: =IF(C15="","",ROW()-4) -> 11 | B15: Lời bài hát | C15: Chế độ karaoke toàn màn hình, cỡ chữ lớn | D15: Low | E15: =FALSE() -> FALSE | F15: Nhật
A16: =IF(C16="","",ROW()-4) -> 12 | B16: Offline / Tải xuống | C16: Biểu tượng đã tải trên từng bài + thanh tiến trình khi đang tải | D16: High | E16: =FALSE() -> FALSE | F16: Nhật
A17: =IF(C17="","",ROW()-4) -> 13 | B17: Offline / Tải xuống | C17: Banner "Bạn đang offline", chỉ hiển thị bài đã tải khi mất mạng | D17: High | E17: =FALSE() -> FALSE | F17: Nhật
A18: =IF(C18="","",ROW()-4) -> 14 | B18: Toàn hệ thống | C18: Mobile: thanh điều hướng dưới (bottom nav), vùng chạm ≥ 44px | D18: High | E18: =FALSE() -> FALSE | F18: Nhật
A19: =IF(C19="","",ROW()-4) -> 15 | B19: Album / Nghệ sĩ | C19: Hiển thị tác giả và loại giấy phép Creative Commons trên trang bài/album | D19: High | E19: =FALSE() -> FALSE | F19: Nhật | G19: Bắt buộc với nhạc CC
A20: =IF(C20="","",ROW()-4) -> 16 | B20: Toàn hệ thống | C20: Thông báo dạng toast tiếng Việt (đã thêm vào playlist, đã tải xong, lỗi mạng) | D20: Medium | E20: =FALSE() -> FALSE | F20: Nhật
A21: =IF(C21="","",ROW()-4) -> 17 | B21: Playlist | C21: Kéo-thả sắp xếp bài trong playlist và hàng đợi | D21: Low | E21: =FALSE() -> FALSE | F21: Nhật
A22: =IF(C22="","",ROW()-4) -> 18 | B22: Thư viện | C22: Trạng thái rỗng (empty state) có hướng dẫn cho thư viện/playlist mới | D22: Low | E22: =FALSE() -> FALSE | F22: Nhật
A23: =IF(C23="","",ROW()-4) -> 19 | B23: Toàn hệ thống | C23: Accessibility: aria-label cho nút player, tương phản màu đạt WCAG AA | D23: Medium | E23: =FALSE() -> FALSE | F23: Nhật
A24: =IF(C24="","",ROW()-4) -> 20 | B24: Toàn hệ thống | C24: Một font thống nhất hỗ trợ tiếng Việt (VD: Be Vietnam Pro / Inter) | D24: Medium | E24: =FALSE() -> FALSE | F24: Nhật
A25: =IF(C25="","",ROW()-4) -> 21 | B25: Đăng nhập / Hồ sơ | C25: Form đăng ký/đăng nhập: báo lỗi ngay dưới ô nhập, hiện/ẩn mật khẩu | D25: Medium | E25: =FALSE() -> FALSE | F25: Nhật
A26: =IF(C26="","",ROW()-4) -> 22 | B26: Admin / Artist Panel | C26: Bảng quản trị: lọc/sắp xếp theo cột, tiêu đề cột cố định khi cuộn | D26: Low | E26: =FALSE() -> FALSE | F26: Nhật
A27: =IF(C27="","",ROW()-4)
A28: =IF(C28="","",ROW()-4)
A29: =IF(C29="","",ROW()-4)
A30: =IF(C30="","",ROW()-4)
A31: =IF(C31="","",ROW()-4)
A32: =IF(C32="","",ROW()-4)
A33: =IF(C33="","",ROW()-4)
A34: =IF(C34="","",ROW()-4)
A35: =IF(C35="","",ROW()-4)
A36: =IF(C36="","",ROW()-4)
A37: =IF(C37="","",ROW()-4)
A38: =IF(C38="","",ROW()-4)
... A120: =IF(C120="","",ROW()-4)

Sheet 05_Settings & Reference
A1: 05 — SETTINGS & REFERENCE (danh mục dùng cho dropdown và công thức)
A2: Ô nền vàng = thông số bạn được sửa. Có thể đổi tên/thêm giá trị trong các danh sách bên dưới; dropdown ở các sheet khác tự cập nhật theo.
A3: CẤU HÌNH DỰ ÁN
A4: Ngày bắt đầu (Thứ Hai của Tuần 1) | B4: 46307
A5: Tổng số tuần | B5: 34
A6: Tuần hiện tại (tự tính) | B6: =MAX(0,INT((TODAY()-B4)/7)+1) -> 1
A7: Hôm nay | B7: =TODAY() -> 46307
A10: Thành viên | B10: Vai trò | D10: Giai đoạn (Phase) | E10: Tuần BĐ | F10: Tuần KT | G10: Mục tiêu | I10: Module (Epic) | K10: Loại công việc | M10: Mức ưu tiên | O10: Trạng thái task / Dev | Q10: Trạng thái Test | S10: HTTP Method | U10: Quyền truy cập | W10: Phase API | Y10: Module API / Context path | AA10: Hạng mục UX/UI
A11: Nhật | B11: Fullstack + PM: FE, BE, Database, UI/UX, QA, DevOps | D11: GĐ0: Khởi động & nền tảng | E11: 1 | F11: 2 | G11: Hiểu web hoạt động thế nào, Git, môi trường, yêu cầu & nguồn nhạc | I11: Nền tảng & Hạ tầng | K11: Học tập | M11: High | O11: Done | Q11: Chưa test | S11: GET | U11: Public | W11: P1 | Y11: Auth — /api/auth | AA11: Player bar
A12: Thành viên 2 | B12: UI/UX Designer (đổi tên khi có người tham gia) | D12: GĐ1: Giao diện tĩnh (HTML/CSS) | E12: 3 | F12: 5 | G12: Layout, trang chủ, thanh player tĩnh, responsive | I12: Giao diện chung (Layout/Theme) | K12: UI | M12: Medium | O12: In Progress | Q12: Pass | S12: POST | U12: User | W12: P2 | Y12: Users — /api/users | AA12: Now Playing
A13: Thành viên 3 | B13: QA / Tester (đổi tên khi có người tham gia) | D13: GĐ2: Trình phát nhạc (JavaScript) | E13: 6 | F13: 9 | G13: Player JS thuần: play/pause, tua, queue, shuffle, repeat | I13: Phát nhạc & Player | K13: FE | M13: Low | O13: To Do | Q13: Fail | S13: PUT | U13: Artist | Y13: Songs — /api/songs | AA13: Trang chủ
A14: Thành viên 4 | B14: Mobile Flutter / DevOps (đổi tên khi có người tham gia) | D14: GĐ3: Frontend React | E14: 10 | F14: 13 | G14: Component, router, Zustand, các trang chính | I14: Tìm kiếm & Khám phá | K14: BE | O14: Blocked | Q14: Retest | S14: PATCH | U14: Admin | W14: P1 = trong 34 tuần; P2 = mở rộng sau Release | Y14: Albums — /api/albums | AA14: Tìm kiếm
A15: Cả nhóm | B15: Việc chung của cả nhóm | D15: GĐ4: Backend & Streaming API | E15: 14 | F15: 17 | G15: Express, REST API, stream HTTP Range 206 | I15: Streaming & Lưu trữ | K15: API | S15: DELETE | U15: Artist/Admin | Y15: Artists — /api/artists | AA15: Album / Nghệ sĩ
D16: GĐ5: Database & dữ liệu nhạc | E16: 18 | F16: 21 | G16: MySQL + Prisma, seed nhạc CC, tìm kiếm — Release Alpha | I16: Xác thực & Người dùng | K16: Database | Y16: Genres — /api/genres | AA16: Playlist
A17: MILESTONE | D17: GĐ6: Tài khoản & thư viện cá nhân | E17: 22 | F17: 24 | G17: JWT, playlist, yêu thích, lịch sử nghe | I17: Playlist | K17: Testing | Y17: Search — /api/search | AA17: Thư viện
A18: Milestone | B18: Tuần | C18: Mô tả | D18: GĐ7: Cloud, Admin & Artist Panel | E18: 25 | F18: 27 | G18: R2/S3, FFmpeg, quản trị, nghệ sĩ upload — Release Beta | I18: Thư viện cá nhân | K18: DevOps | Y18: Streaming — /api/stream | AA18: Lời bài hát
A19: Release Alpha | B19: 21 | C19: MVP nội bộ: FE + BE + MySQL chạy được, phát/tìm nhạc | D19: GĐ8: Offline PWA & lời bài hát | E19: 28 | F19: 30 | G19: Tải xuống nghe offline, lyric đồng bộ/karaoke | I19: Offline & Tải xuống | K19: Docs | Y19: Playlists — /api/playlists | AA19: Offline / Tải xuống
A20: Release Beta | B20: 27 | C20: Có tài khoản, playlist, nhạc trên cloud, admin; 5–10 người dùng thử | D20: GĐ9: Bảo mật, triển khai & Release | E20: 31 | F20: 34 | G20: Bảng xếp hạng, Docker, deploy, CI/CD — Release Production | I20: Lời bài hát / Karaoke | Y20: Library — /api/library | AA20: Đăng nhập / Hồ sơ
A21: Release Production | B21: 34 | C21: PWA offline, lyric, deploy công khai có HTTPS | I21: Admin / Artist Panel | Y21: Downloads — /api/downloads | AA21: Admin / Artist Panel
I22: Thống kê & Xếp hạng | Y22: Lyrics — /api/lyrics | AA22: Toàn hệ thống
I23: Triển khai & DevOps | Y23: Artist Panel — /api/artist-panel
Y24: Admin — /api/admin
Y25: Analytics — /api/analytics
