Workbook

Sheet Chia việc
A1: Tổng hợp chia việc (tự cập nhật khi đổi cột Người làm / Trạng thái)
B3: Người A | C3: Người B | D3: Cả hai | E3: Tổng
A4: Tổng số API | B4: =COUNTIFS('Danh sách API'!$K$2:$K$75,"Người A") | C4: =COUNTIFS('Danh sách API'!$K$2:$K$75,"Người B") | D4: =COUNTIFS('Danh sách API'!$K$2:$K$75,"Cả hai") | E4: =SUM(B4:D4)
A5: Giai đoạn 1 | B5: =COUNTIFS('Danh sách API'!$K$2:$K$75,"Người A",'Danh sách API'!$H$2:$H$75,"1") | C5: =COUNTIFS('Danh sách API'!$K$2:$K$75,"Người B",'Danh sách API'!$H$2:$H$75,"1") | D5: =COUNTIFS('Danh sách API'!$K$2:$K$75,"Cả hai",'Danh sách API'!$H$2:$H$75,"1") | E5: =SUM(B5:D5)
A6: Giai đoạn 1 - Must | B6: =COUNTIFS('Danh sách API'!$K$2:$K$75,"Người A",'Danh sách API'!$H$2:$H$75,"1",'Danh sách API'!$I$2:$I$75,"Must") | C6: =COUNTIFS('Danh sách API'!$K$2:$K$75,"Người B",'Danh sách API'!$H$2:$H$75,"1",'Danh sách API'!$I$2:$I$75,"Must") | D6: =COUNTIFS('Danh sách API'!$K$2:$K$75,"Cả hai",'Danh sách API'!$H$2:$H$75,"1",'Danh sách API'!$I$2:$I$75,"Must") | E6: =SUM(B6:D6)
A7: Giai đoạn 2 | B7: =COUNTIFS('Danh sách API'!$K$2:$K$75,"Người A",'Danh sách API'!$H$2:$H$75,"2") | C7: =COUNTIFS('Danh sách API'!$K$2:$K$75,"Người B",'Danh sách API'!$H$2:$H$75,"2") | D7: =COUNTIFS('Danh sách API'!$K$2:$K$75,"Cả hai",'Danh sách API'!$H$2:$H$75,"2") | E7: =SUM(B7:D7)
A8: Giai đoạn 3 | B8: =COUNTIFS('Danh sách API'!$K$2:$K$75,"Người A",'Danh sách API'!$H$2:$H$75,"3") | C8: =COUNTIFS('Danh sách API'!$K$2:$K$75,"Người B",'Danh sách API'!$H$2:$H$75,"3") | D8: =COUNTIFS('Danh sách API'!$K$2:$K$75,"Cả hai",'Danh sách API'!$H$2:$H$75,"3") | E8: =SUM(B8:D8)
A9: Đã xong (Xong + Đã kiểm thử) | B9: =COUNTIFS('Danh sách API'!$K$2:$K$75,"Người A",'Danh sách API'!$L$2:$L$75,"Xong")+COUNTIFS('Danh sách API'!$K$2:$K$75,"Người A",'Danh sách API'!$L$2:$L$75,"Đã kiểm thử") | C9: =COUNTIFS('Danh sách API'!$K$2:$K$75,"Người B",'Danh sách API'!$L$2:$L$75,"Xong")+COUNTIFS('Danh sách API'!$K$2:$K$75,"Người B",'Danh sách API'!$L$2:$L$75,"Đã kiểm thử") | D9: =COUNTIFS('Danh sách API'!$K$2:$K$75,"Cả hai",'Danh sách API'!$L$2:$L$75,"Xong")+COUNTIFS('Danh sách API'!$K$2:$K$75,"Cả hai",'Danh sách API'!$L$2:$L$75,"Đã kiểm thử") | E9: =SUM(B9:D9)
A12: Cách chia đề xuất
A13: Người A: phần dữ liệu người dùng | B13: Nền tảng chung (kết nối DB, middleware JWT, phân quyền), Auth, hồ sơ, playlist, yêu thích/theo dõi, trạng thái phát và lịch sử, tải offline.
A14: Người B: phần nội dung nhạc | B14: Bài hát và stream file nhạc, tìm kiếm, nghệ sĩ/album/thể loại, toàn bộ quản trị (nội dung nhạc, upload file, người dùng), cổng nghệ sĩ, thống kê.
A15: Lý do chia theo mảng | B15: Mỗi người sở hữu một nhóm bảng DB riêng nên ít sửa chồng code của nhau. B làm phần đọc công khai (không cần đăng nhập) trước, nên không phải chờ A xong Auth.
A17: Thứ tự làm
A18: Bước 1 (cả hai) | B18: Thống nhất cấu trúc project, định dạng JSON trả về và mã lỗi, bổ sung bảng mới vào schema (Genre, FavoriteSong, FollowArtist, ListenHistory, token, cột file_url...).
A19: Bước 2 | B19: Người A làm nền tảng chung + Auth. Song song Người B làm GET bài hát, nghệ sĩ, album, thể loại, tìm kiếm, stream.
A20: Bước 3 | B20: Người A làm playlist, yêu thích, trạng thái phát. Người B làm các API quản trị (cần middleware phân quyền của Người A).
A21: Bước 4 | B21: Các API giai đoạn 2 và 3 theo thứ tự ưu tiên Should rồi Could.
A23: Ghi chú
A24: Phụ thuộc chéo | B24: POST /songs/:id/like và /artists/:id/follow (Người A) dùng bảng Song/Artist của Người B; /songs/:id/plays (Người B) ghi bảng ListenHistory mà Người A dùng cho lịch sử. Hai người cần chốt cấu trúc các bảng này ở Bước 1.
A25: Không cần API | B25: Hẹn giờ tắt nhạc (FR-16), giao diện sáng/tối (FR-50), âm lượng, lặp, ngẫu nhiên, hàng đợi phát xử lý ở frontend.
A26: Ngôn ngữ backend | B26: Danh sách endpoint không phụ thuộc ngôn ngữ; nhóm vẫn cần chốt C++ hay Node.js + Express (BRD mục 13).

Sheet Danh sách API
A1: Mã | B1: Nhóm | C1: Method | D1: Endpoint | E1: Mô tả | F1: Quyền | G1: FR / BRL | H1: Giai đoạn | I1: Ưu tiên | J1: Bảng DB | K1: Người làm | L1: Trạng thái
A2: API-01 | B2: 0. Nền tảng chung | C2: - | D2: (middleware) | E2: Kết nối MySQL, cấu trúc project, định dạng lỗi chung, phân trang | F2: - | G2: - | H2: 1 | I2: Must | J2: - | K2: Người A | L2: Chưa làm
A3: API-02 | B3: 0. Nền tảng chung | C3: - | D3: (middleware) | E3: Xác thực JWT và kiểm tra vai trò (guest/user/artist/admin), chặn tài khoản banned | F3: - | G3: FR-06, BRL-03 | H3: 1 | I3: Must | J3: User | K3: Người A | L3: Chưa làm
A4: API-03 | B4: 1. Xác thực (Auth) | C4: POST | D4: /api/auth/register | E4: Đăng ký tài khoản (email, user_name, mật khẩu, ngày sinh); băm mật khẩu | F4: Khách | G4: FR-01 | H4: 1 | I4: Must | J4: User | K4: Người A | L4: Chưa làm
A5: API-04 | B5: 1. Xác thực (Auth) | C5: POST | D5: /api/auth/login | E5: Đăng nhập, trả access token và refresh token | F5: Khách | G5: FR-03 | H5: 1 | I5: Must | J5: User | K5: Người A | L5: Chưa làm
A6: API-05 | B6: 1. Xác thực (Auth) | C6: POST | D6: /api/auth/logout | E6: Đăng xuất, hủy refresh token | F6: User | G6: FR-03 | H6: 1 | I6: Must | J6: RefreshToken (mới) | K6: Người A | L6: Chưa làm
A7: API-06 | B7: 1. Xác thực (Auth) | C7: POST | D7: /api/auth/refresh | E7: Cấp lại access token từ refresh token | F7: User | G7: FR-03 | H7: 1 | I7: Must | J7: RefreshToken (mới) | K7: Người A | L7: Chưa làm
A8: API-07 | B8: 1. Xác thực (Auth) | C8: GET | D8: /api/auth/verify-email?token= | E8: Xác minh email qua liên kết | F8: Khách | G8: FR-02 | H8: 1 | I8: Should | J8: User, EmailToken (mới) | K8: Người A | L8: Chưa làm
A9: API-08 | B9: 1. Xác thực (Auth) | C9: POST | D9: /api/auth/resend-verification | E9: Gửi lại email xác minh | F9: User | G9: FR-02 | H9: 1 | I9: Should | J9: EmailToken (mới) | K9: Người A | L9: Chưa làm
A10: API-09 | B10: 1. Xác thực (Auth) | C10: POST | D10: /api/auth/forgot-password | E10: Gửi email đặt lại mật khẩu | F10: Khách | G10: FR-04 | H10: 1 | I10: Should | J10: PasswordReset (mới) | K10: Người A | L10: Chưa làm
A11: API-10 | B11: 1. Xác thực (Auth) | C11: POST | D11: /api/auth/reset-password | E11: Đặt lại mật khẩu bằng token | F11: Khách | G11: FR-04 | H11: 1 | I11: Should | J11: PasswordReset (mới) | K11: Người A | L11: Chưa làm
A12: API-11 | B12: 2. Hồ sơ người dùng | C12: GET | D12: /api/users/me | E12: Lấy thông tin tài khoản đang đăng nhập | F12: User | G12: FR-05 | H12: 1 | I12: Must | J12: User | K12: Người A | L12: Chưa làm
... A75: API-74 | B75: 12. Thống kê và đề xuất thông minh | C75: POST | D75: /api/playlists/generate | E75: Tạo playlist theo tâm trạng, thể loại, nghệ sĩ hoặc thời lượng | F75: User | G75: FR-51, FR-52, FR-53 | H75: 3 | I75: Could | J75: Song, Genre (thêm mood) | K75: Người B | L75: Chưa làm
